Code gare;Intitulé gare;Intitulé fronton de gare;Gare DRG;Gare étrangère;Agence gare;Région SNCF;Unité gare;UT;Nbre plateformes;N° plateforme;Intitulé plateforme;Code postal;Commune;Département - Commune;Département;Région;Longitude WGS84;Latitude WGS84;Code UIC;TVS;Segment DRG;Niveau de service;SOP;RG;Date fin validité plateforme;WGS 84
00002;Remise à Jorelle;Remise à Jorelle;Oui;Non;AG Ile-de-France;REGION DE PARIS-EST;;;1;1;Remise à Jorelle;93140;Bondy;93-010;Seine-Saint-Denis;Île-de-France;2.487751;48.893170;0087988709;RJL;b;;;;;48.89317, 2.487751
00760;Souppes - Château-Landon;Souppes - Château-Landon;Oui;Non;AG Ile-de-France;REGION DE PARIS-SUD-EST;;;1;1;Souppes - Château-Landon;77460;Souppes-sur-Loing;77-458;Seine-et-Marne;Île-de-France;2.734971;48.181907;0087684217;SPP;b;;;;;48.181907, 2.734971
00845;Corbeil-Essonnes;Corbeil-Essonnes;Oui;Non;AG Ile-de-France;REGION DE PARIS-SUD-EST;;;1;1;Corbeil-Essonnes;91100;Corbeil-Essonnes;91-174;Essonne;Île-de-France;2.47401;48.61403;0087681007;COE;b;;;;;48.61403, 2.47401
00797;Vernou-sur-Seine;Vernou-sur-Seine;Oui;Non;AG Ile-de-France;REGION DE PARIS-SUD-EST;;;1;1;Vernou-sur-Seine;77670;Vernou-la-Celle-sur-Seine;77-494;Seine-et-Marne;Île-de-France;2.8424649;48.3864547;0087682468;VSS;c;;;;;48.3864547, 2.8424649
00809;Bois-le-Roi;Bois-le-Roi;Oui;Non;AG Ile-de-France;REGION DE PARIS-SUD-EST;;;1;1;Bois-le-Roi;77590;Bois-le-Roi;77-037;Seine-et-Marne;Île-de-France;2.691606;48.475567;0087682203;BJR;b;;;;;48.475567, 2.691606
00815;Boussy-Saint-Antoine;Boussy-Saint-Antoine;Oui;Non;AG Ile-de-France;REGION DE PARIS-SUD-EST;;;1;1;Boussy-Saint-Antoine;91800;Boussy-Saint-Antoine;91-097;Essonne;Île-de-France;2.532726;48.680893;0087682138;BXI;b;;;;;48.680893, 2.532726
00818;Montgeron - Crosne;Montgeron - Crosne;Oui;Non;AG Ile-de-France;REGION DE PARIS-SUD-EST;;;1;1;Montgeron - Crosne;91230;Montgeron;91-421;Essonne;Île-de-France;2.462224;48.708094;0087682104;KRW;b;;;;;48.708094, 2.462224
00826;Essonnes Robinson;Essonnes Robinson;Oui;Non;AG Ile-de-France;REGION DE PARIS-SUD-EST;;;1;1;Essonnes Robinson;91100;Corbeil-Essonnes;91-174;Essonne;Île-de-France;2.463701;48.606095;0087681601;ESO;b;;;;;48.606095, 2.463701
01433;Saint-Michel Notre-Dame;Saint-Michel Notre-Dame;Oui;Non;AG Ile-de-France;REGION DE PARIS RIVE GAUCHE;;;1;1;Saint-Michel Notre-Dame;75005;Paris;75-056;Paris;Île-de-France;2.34545;48.85348;0087547315;SHL;b;;;;;48.85348, 2.34545
01440;Orly Ville;Orly Ville;Oui;Non;AG Ile-de-France;REGION DE PARIS RIVE GAUCHE;;;1;1;Orly Ville;94310;Orly;94-054;Val-de-Marne;Île-de-France;2.402650;48.741815;0087546200;OYI;b;;;;;48.741815, 2.40265
01441;Pont de Rungis Aéroport d'Orly;Pont de Rungis Aéroport d'Orly;Oui;Non;AG Ile-de-France;REGION DE PARIS RIVE GAUCHE;;;1;1;Pont de Rungis Aéroport d'Orly;94150;Thiais;94-073;Val-de-Marne;Île-de-France;2.372792;48.748163;0087546192;PRU;b;;;;;48.748163, 2.372792
01457;Vitry-sur-Seine;Vitry-sur-Seine;Oui;Non;AG Ile-de-France;REGION DE PARIS RIVE GAUCHE;;;1;1;Vitry-sur-Seine;94400;Vitry-sur-Seine;94-081;Val-de-Marne;Île-de-France;2.402229;48.800768;0087545293;VYB;b;;;;;48.800768, 2.402229
01459;Villeneuve-le-Roi;Villeneuve-le-Roi;Oui;Non;AG Ile-de-France;REGION DE PARIS RIVE GAUCHE;;;1;1;Villeneuve-le-Roi;94290;Villeneuve-le-Roi;94-077;Val-de-Marne;Île-de-France;2.426084;48.739908;0087545277;VRI;b;;;;;48.739908, 2.426084
01463;Savigny-sur-Orge;Savigny-sur-Orge;Oui;Non;AG Ile-de-France;REGION DE PARIS RIVE GAUCHE;;;1;1;Savigny-sur-Orge;91600;Savigny-sur-Orge;91-589;Essonne;Île-de-France;2.35173;48.67614;0087545236;SAO;b;;;;;48.67614, 2.35173
01468;Marolles-en-Hurepoix;Marolles-en-Hurepoix;Oui;Non;AG Ile-de-France;REGION DE PARIS RIVE GAUCHE;;;1;1;Marolles-en-Hurepoix;91630;Marolles-en-Hurepoix;91-376;Essonne;Île-de-France;2.290327;48.565345;0087545186;MSX;b;;;;;48.565345, 2.290327
01470;Lardy;Lardy;Oui;Non;AG Ile-de-France;REGION DE PARIS RIVE GAUCHE;;;1;1;Lardy;91510;Lardy;91-330;Essonne;Île-de-France;2.255739;48.520639;0087545160;LYO;b;;;;;48.520639, 2.255739
01477;Avenue du Président Kennedy Maison de Radio France;Avenue du Président Kennedy Maison de Radio France;Oui;Non;AG Ile-de-France;REGION DE PARIS RIVE GAUCHE;;;1;1;Avenue du Président Kennedy Maison de Radio France;75016;Paris;75-056;Paris;Île-de-France;2.279969;48.853322;0087543207;APK;b;;;;;48.853322, 2.279969
01497;Les Ardoines;Les Ardoines;Oui;Non;AG Ile-de-France;REGION DE PARIS RIVE GAUCHE;;;1;1;Les Ardoines;94400;Vitry-sur-Seine;94-081;Val-de-Marne;Île-de-France;2.409046;48.782945;0087492108;LAD;b;;;;;48.782945, 2.409046
01940;Montfort-l'Amaury - Méré;Montfort-l'Amaury - Méré;Oui;Non;AG Ile-de-France;REGION DE PARIS RIVE GAUCHE;;;1;1;Montfort-l'Amaury - Méré;78490;Méré;78-389;Yvelines;Île-de-France;1.8153507;48.80224;0087393892;MLM;b;;;;;48.80224, 1.8153507
01946;Petit Vaux;Petit Vaux;Oui;Non;AG Ile-de-France;REGION DE PARIS RIVE GAUCHE;;;1;1;Petit Vaux;91360;Épinay-sur-Orge;91-216;Essonne;Île-de-France;2.3339755;48.675859;0087393652;PVY;b;;;;;48.675859, 2.3339755
01949;Plaisir - Les Clayes;Plaisir - Les Clayes;Oui;Non;AG Ile-de-France;REGION DE PARIS RIVE GAUCHE;;;1;1;Plaisir - Les Clayes;78370;Plaisir;78-490;Yvelines;Île-de-France;1.9600537;48.8304565;0087393629;PIE;b;;;;;48.8304565, 1.9600537
01954;Massy - Palaiseau;Massy - Palaiseau;Oui;Non;AG Ile-de-France;REGION DE PARIS RIVE GAUCHE;;;1;1;Massy - Palaiseau;91300;Massy;91-377;Essonne;Île-de-France;2.2575281;48.7264211;0087393579;MPU;b;;;;;48.7264211, 2.2575281
01957;Bièvres;Bièvres;Oui;Non;AG Ile-de-France;REGION DE PARIS RIVE GAUCHE;;;1;1;Bièvres;91570;Bièvres;91-064;Essonne;Île-de-France;2.2157279;48.7513289;0087393546;BSI;b;;;;;48.7513289, 2.2157279
01968;Plaisir - Grignon;Plaisir - Grignon;Oui;Non;AG Ile-de-France;REGION DE PARIS RIVE GAUCHE;;;1;1;Plaisir - Grignon;78370;Plaisir;78-490;Yvelines;Île-de-France;1.9432973;48.8316509;0087393421;PGS;b;;;;;48.8316509, 1.9432973
01969;Villepreux - Les Clayes;Villepreux - Les Clayes;Oui;Non;AG Ile-de-France;REGION DE PARIS RIVE GAUCHE;;;1;1;Villepreux - Les Clayes;78340;Clayes-sous-Bois;78-165;Yvelines;Île-de-France;1.9930652;48.8239168;0087393413;VEP;b;;;;;48.8239168, 1.9930652
01970;Fontenay-le-Fleury;Fontenay-le-Fleury;Oui;Non;AG Ile-de-France;REGION DE PARIS RIVE GAUCHE;;;1;1;Fontenay-le-Fleury;78330;Fontenay-le-Fleury;78-242;Yvelines;Île-de-France;2.0404603;48.8074032;0087393405;FAF;b;;;;;48.8074032, 2.0404603
01993;Pont de l'Alma;Pont de l'Alma;Oui;Non;AG Ile-de-France;REGION DE PARIS RIVE GAUCHE;;;1;1;Pont de l'Alma;75007;Paris;75-056;Paris;Île-de-France;2.3010287;48.8625705;0087393041;PDM;b;;;;;48.8625705, 2.3010287
01999;Paris Montparnasse;Paris Montparnasse;Oui;Non;AG Ile-de-France;REGION DE PARIS RIVE GAUCHE;UG Montparnasse;;2;2;Paris Montparnasse Vaugirard;75015;Paris;75-056;Paris;Île-de-France;2.320514;48.841172;0087391102;PVT;a;;;;;48.841172, 2.320514
02009;Les Mureaux;Les Mureaux;Oui;Non;AG Ile-de-France;REGION DE PARIS SAINT-LAZARE;;;1;1;Les Mureaux;78130;Mureaux;78-440;Yvelines;Île-de-France;1.9129871;48.9927897;0087386680;LMU;b;;;;;48.9927897, 1.9129871
02010;Les Clairières de Verneuil;Les Clairières de Verneuil;Oui;Non;AG Ile-de-France;REGION DE PARIS SAINT-LAZARE;;;1;1;Les Clairières de Verneuil;78480;Verneuil-sur-Seine;78-642;Yvelines;Île-de-France;1.955265;48.9922407;0087386664;KVE;b;;;;;48.9922407, 1.955265
02015;Maisons-Laffitte;Maisons-Laffitte;Oui;Non;AG Ile-de-France;REGION DE PARIS SAINT-LAZARE;;;1;1;Maisons-Laffitte;78600;Maisons-Laffitte;78-358;Yvelines;Île-de-France;2.1443153;48.9456394;0087386425;MLF;b;;;;;48.9456394, 2.1443153
02016;Sartrouville;Sartrouville;Oui;Non;AG Ile-de-France;REGION DE PARIS SAINT-LAZARE;;;1;1;Sartrouville;78500;Sartrouville;78-586;Yvelines;Île-de-France;2.1575173;48.9379523;0087386417;SVL;b;;;;;48.9379523, 2.1575173
02039;Le Val d'Or;Le Val d'Or;Oui;Non;AG Ile-de-France;REGION DE PARIS SAINT-LAZARE;;;1;1;Le Val d'Or;92210;Saint-Cloud;92-064;Hauts-de-Seine;Île-de-France;2.21636;48.85645;0087382366;VDO;b;;;;;48.85645, 2.21636
02044;Garches - Marnes-la-Coquette;Garches - Marnes-la-Coquette;Oui;Non;AG Ile-de-France;REGION DE PARIS SAINT-LAZARE;;;1;1;Garches - Marnes-la-Coquette;92380;Garches;92-033;Hauts-de-Seine;Île-de-France;2.18692;48.83839;0087382259;GMC;b;;;;;48.83839, 2.18692
02054;Meulan - Hardricourt;Meulan - Hardricourt;Oui;Non;AG Ile-de-France;REGION DE PARIS SAINT-LAZARE;;;1;1;Meulan - Hardricourt;78250;Hardricourt;78-299;Yvelines;Île-de-France;1.90213;49.00564;0087381830;MHD;b;;;;;49.00564, 1.90213
02058;Val d'Argenteuil;Val d'Argenteuil;Oui;Non;AG Ile-de-France;REGION DE PARIS SAINT-LAZARE;;;1;1;Val d'Argenteuil;95100;Argenteuil;95-018;Val-d'Oise;Île-de-France;2.23088;48.95042;0087381798;VDA;b;;;;;48.95042, 2.23088
02059;Nézel - Aulnay;Nézel - Aulnay;Oui;Non;AG Ile-de-France;REGION DE PARIS SAINT-LAZARE;;;1;1;Nézel - Aulnay;78410;Nézel;78-451;Yvelines;Île-de-France;1.8405298;48.9387638;0087381731;NZL;c;;;;;48.9387638, 1.8405298
02075;Conflans Fin d'Oise;Conflans Fin d'Oise;Oui;Non;AG Ile-de-France;REGION DE PARIS SAINT-LAZARE;;;1;1;Conflans Fin d'Oise;78700;Conflans-Sainte-Honorine;78-172;Yvelines;Île-de-France;2.07465;48.98931;0087381459;CFD;b;;;;;48.98931, 2.07465
02085;Chars;Chars;Oui;Non;AG Ile-de-France;REGION DE PARIS SAINT-LAZARE;;;1;1;Chars;95750;Chars;95-142;Val-d'Oise;Île-de-France;1.93671;49.16268;0087381194;CHR;b;;;;;49.16268, 1.93671
02093;Pont Cardinet;Pont Cardinet;Oui;Non;AG Ile-de-France;REGION DE PARIS SAINT-LAZARE;;;1;1;Pont Cardinet;75017;Paris;75-056;Paris;Île-de-France;2.31425;48.88755;0087381111;PTC;b;;;;;48.88755, 2.31425
02094;Le Stade;Le Stade;Oui;Non;AG Ile-de-France;REGION DE PARIS SAINT-LAZARE;;;1;1;Le Stade;92700;Colombes;92-025;Hauts-de-Seine;Île-de-France;2.26056;48.93093;0087381095;LSD;b;;;;;48.93093, 2.26056
02100;Péreire Levallois;Péreire Levallois;Oui;Non;AG Ile-de-France;REGION DE PARIS RIVE GAUCHE;;;1;1;Péreire Levallois;75017;Paris;75-056;Paris;Île-de-France;2.2979465;48.8853581;0087381012;PRR;b;;;;;48.8853581, 2.2979465
02426;Haussmann Saint-Lazare;Haussmann Saint-Lazare;Oui;Non;AG Ile-de-France;REGION DE PARIS-EST;;;1;1;Haussmann Saint-Lazare;75009;Paris;75-056;Paris;Île-de-France;2.32862;48.87478;0087281899;HSL;b;;;;;48.87478, 2.32862
02459;Bessancourt;Bessancourt;Oui;Non;AG Ile-de-France;REGION DE PARIS-NORD;;;1;1;Bessancourt;95550;Bessancourt;95-060;Val-d'Oise;Île-de-France;2.21004;49.03576;0087276642;BSR;b;;;;;49.03576, 2.21004
02460;Taverny;Taverny;Oui;Non;AG Ile-de-France;REGION DE PARIS-NORD;;;1;1;Taverny;95150;Taverny;95-607;Val-d'Oise;Île-de-France;2.22187;49.02536;0087276634;TVY;b;;;;;49.02536, 2.22187
02463;Saint-Leu-la-Forêt;Saint-Leu-la-Forêt;Oui;Non;AG Ile-de-France;REGION DE PARIS-NORD;;;1;1;Saint-Leu-la-Forêt;95320;Saint-Leu-la-Forêt;95-563;Val-d'Oise;Île-de-France;2.24264;49.01571;0087276600;SLF;b;;;;;49.01571, 2.24264
02466;Luzarches;Luzarches;Oui;Non;AG Ile-de-France;REGION DE PARIS-NORD;;;1;1;Luzarches;95270;Luzarches;95-352;Val-d'Oise;Île-de-France;2.42074;49.11719;0087276576;LUZ;b;;;;;49.11719, 2.42074
02469;Auvers-sur-Oise;Auvers-sur-Oise;Oui;Non;AG Ile-de-France;REGION DE PARIS-NORD;;;1;1;Auvers-sur-Oise;95430;Auvers-sur-Oise;95-039;Val-d'Oise;Île-de-France;2.17526;49.07062;0087276543;AUW;b;;;;;49.07062, 2.17526
02470;Valmondois;Valmondois;Oui;Non;AG Ile-de-France;REGION DE PARIS-NORD;;;1;1;Valmondois;95430;Butry-sur-Oise;95-120;Val-d'Oise;Île-de-France;2.20238;49.09182;0087276535;VMD;b;;;;;49.09182, 2.20238
02475;Bouffémont - Moisselles;Bouffémont - Moisselles;Oui;Non;AG Ile-de-France;REGION DE PARIS-NORD;;;1;1;Bouffémont - Moisselles;95570;Bouffémont;95-091;Val-d'Oise;Île-de-France;2.32272;49.04514;0087276485;BOF;b;;;;;49.04514, 2.32272
02496;Les Noues;Les Noues;Oui;Non;AG Ile-de-France;REGION DE PARIS-NORD;;;1;1;Les Noues;95190;Goussainville;95-280;Val-d'Oise;Île-de-France;2.47633;49.03234;0087276238;LNX;b;;;;;49.03234, 2.47633
02503;Chaponval;Chaponval;Oui;Non;AG Ile-de-France;REGION DE PARIS-NORD;;;1;1;Chaponval;95430;Auvers-sur-Oise;95-039;Val-d'Oise;Île-de-France;2.1423781;49.0694825;0087276162;CPW;c;;;;;49.0694825, 2.1423781
02506;Pontoise;Pontoise;Oui;Non;AG Ile-de-France;REGION DE PARIS-NORD;;;1;1;Pontoise;95300;Pontoise;95-500;Val-d'Oise;Île-de-France;2.09545;49.04709;0087276139;PSE;b;;;;;49.04709, 2.09545
02513;Ermont - Eaubonne;Ermont - Eaubonne;Oui;Non;AG Ile-de-France;REGION DE PARIS-NORD;;;2;2;Ermont - Eaubonne Ligne J;95120;Ermont;95-219;Val-d'Oise;Île-de-France;2.27176;48.98032;0087534131;ERT_PSL;b;;;;;48.98032, 2.27176
02515;Enghien-les-Bains;Enghien-les-Bains;Oui;Non;AG Ile-de-France;REGION DE PARIS-NORD;;;1;1;Enghien-les-Bains;95880;Enghien-les-Bains;95-210;Val-d'Oise;Île-de-France;2.30699;48.97309;0087276022;ENK;b;;;;;48.97309, 2.30699
02552;La Courneuve - Aubervilliers;La Courneuve - Aubervilliers;Oui;Non;AG Ile-de-France;REGION DE PARIS-NORD;;;1;1;La Courneuve - Aubervilliers;93120;Courneuve;93-027;Seine-Saint-Denis;Île-de-France;2.38443;48.92420;0087271304;ALC;b;;;;;48.9242, 2.38443
02554;Gennevilliers;Gennevilliers;Oui;Non;AG Ile-de-France;REGION DE PARIS-NORD;;;1;1;Gennevilliers;92230;Gennevilliers;92-036;Hauts-de-Seine;Île-de-France;2.30699;48.93368;0087271205;GEN;b;;;;;48.93368, 2.30699
02556;Pierrefitte - Stains;Pierrefitte - Stains;Oui;Non;AG Ile-de-France;REGION DE PARIS-NORD;;;1;1;Pierrefitte - Stains;93380;Pierrefitte-sur-Seine;93-059;Seine-Saint-Denis;Île-de-France;2.37213;48.96409;0087271163;PRF;b;;;;;48.96409, 2.37213
03012;Couilly - Saint-Germain - Quincy;Couilly - Saint-Germain - Quincy;Oui;Non;AG Ile-de-France;REGION DE PARIS-EST;;;1;1;Couilly - Saint-Germain - Quincy;77860;Saint-Germain-sur-Morin;77-413;Seine-et-Marne;Île-de-France;2.854057;48.8830205;0087116731;CYQ;c;;;;;48.8830205, 2.854057
03033;Faremoutiers - Pommeuse;Faremoutiers - Pommeuse;Oui;Non;AG Ile-de-France;REGION DE PARIS-EST;;;1;1;Faremoutiers - Pommeuse;77515;Pommeuse;77-371;Seine-et-Marne;Île-de-France;2.993109;48.808494;0087116277;FMP;b;;;;;48.808494, 2.993109
03039;Provins;Provins;Oui;Non;AG Ile-de-France;REGION DE PARIS-EST;;;1;1;Provins;77160;Provins;77-379;Seine-et-Marne;Île-de-France;3.302822;48.555770;0087116160;PRO;b;;;;;48.55577, 3.302822
03040;Longueville;Longueville;Oui;Non;AG Ile-de-France;REGION DE PARIS-EST;;;1;1;Longueville;77650;Longueville;77-260;Seine-et-Marne;Île-de-France;3.249822;48.513703;0087116137;LON;b;;;;;48.513703, 3.249822
03053;Allée de la Tour Rendez-Vous;Allée de la Tour Rendez-Vous;Oui;Non;AG Ile-de-France;REGION DE PARIS-EST;;;1;1;Allée de la Tour Rendez-Vous;93320;Villemomble;93-077;Seine-Saint-Denis;Île-de-France;2.506475;48.897109;0087113878;AET;b;;;;;48.897109, 2.506475
03057;Les Yvris Noisy-le-Grand;Les Yvris Noisy-le-Grand;Oui;Non;AG Ile-de-France;REGION DE PARIS-EST;;;1;1;Les Yvris Noisy-le-Grand;93160;Noisy-le-Grand;93-051;Seine-Saint-Denis;Île-de-France;2.579828;48.823182;0087113803;LYV;b;;;;;48.823182, 2.579828
03058;Villiers-sur-Marne - Le Plessis-Trévise;Villiers-sur-Marne - Le Plessis-Trévise;Oui;Non;AG Ile-de-France;REGION DE PARIS-EST;;;1;1;Villiers-sur-Marne - Le Plessis-Trévise;94350;Villiers-sur-Marne;94-079;Val-de-Marne;Île-de-France;2.541761;48.823039;0087113795;VSM;b;;;;;48.823039, 2.541761
03062;Rosny-sous-Bois;Rosny-sous-Bois;Oui;Non;AG Ile-de-France;REGION DE PARIS-EST;;;1;1;Rosny-sous-Bois;93110;Rosny-sous-Bois;93-064;Seine-Saint-Denis;Île-de-France;2.48559;48.87099;0087113704;RSB;b;;;;;48.87099, 2.48559
03072;Marne-la-Vallée Chessy;Marne-la-Vallée Chessy;Oui;Non;AG Ile-de-France;REGION DE PARIS-SUD-EST;UG Paris-Est;;1;1;Marne-la-Vallée Chessy;77111;Chessy;77-111;Seine-et-Marne;Île-de-France;2.782720;48.869856;0087111849;MLV;a;3;;;;48.869856, 2.78272
00001;Lycée Henri Sellier;Lycée Henri Sellier;Oui;Non;AG Ile-de-France;REGION DE PARIS-EST;;;1;1;Lycée Henri Sellier;93190;Livry-Gargan;93-046;Seine-Saint-Denis;Île-de-France;2.51504;48.91646;0087988717;LHS;b;;;;;48.91646, 2.51504
01436;Paris Austerlitz;Paris Austerlitz;Oui;Non;AG Ile-de-France;REGION DE PARIS RIVE GAUCHE;UG Paris Austerlitz;;2;1;Paris Austerlitz;75013;Paris;75-056;Paris;Île-de-France;2.364891;48.842285;0087547000;PAZ;a;3;;;;48.842285, 2.364891
01436;Paris Austerlitz;Paris Austerlitz;Oui;Non;AG Ile-de-France;REGION DE PARIS RIVE GAUCHE;UG Paris Austerlitz;;2;2;Paris Austerlitz Souterrain;75013;Paris;75-056;Paris;Île-de-France;2.364891;48.842285;0087547026;PAZ_TRANS;b;2;;;;48.842285, 2.364891
01439;Les Saules;Les Saules;Oui;Non;AG Ile-de-France;REGION DE PARIS RIVE GAUCHE;;;1;1;Les Saules;94310;Orly;94-054;Val-de-Marne;Île-de-France;2.4173660;48.7454924;0087546226;LSW;b;;;;;48.7454924, 2.417366
01447;Dourdan;Dourdan;Oui;Non;AG Ile-de-France;REGION DE PARIS RIVE GAUCHE;;;1;1;Dourdan;91410;Dourdan;91-200;Essonne;Île-de-France;2.009643;48.533466;0087545525;DHY;b;;;;;48.533466, 2.009643
01448;Sermaise;Sermaise;Oui;Non;AG Ile-de-France;REGION DE PARIS RIVE GAUCHE;;;1;1;Sermaise;91530;Sermaise;91-593;Essonne;Île-de-France;2.06865;48.53536;0087545517;SXE;b;;;;;48.53536, 2.06865
01462;Juvisy;Juvisy;Oui;Non;AG Ile-de-France;REGION DE PARIS RIVE GAUCHE;;;1;1;Juvisy;91260;Juvisy-sur-Orge;91-326;Essonne;Île-de-France;2.38267;48.68917;0087545244;JYS;b;;;;;48.68917, 2.38267
01466;Saint-Michel-sur-Orge;Saint-Michel-sur-Orge;Oui;Non;AG Ile-de-France;REGION DE PARIS RIVE GAUCHE;;;1;1;Saint-Michel-sur-Orge;91240;Saint-Michel-sur-Orge;91-570;Essonne;Île-de-France;2.306632;48.635479;0087545202;SHO;b;;;;;48.635479, 2.306632
01467;Brétigny;Brétigny;Oui;Non;AG Ile-de-France;REGION DE PARIS RIVE GAUCHE;;;1;1;Brétigny;91220;Brétigny-sur-Orge;91-103;Essonne;Île-de-France;2.302378;48.606683;0087545194;BYR;b;;;;;48.606683, 2.302378
01469;Bouray;Bouray;Oui;Non;AG Ile-de-France;REGION DE PARIS RIVE GAUCHE;;;1;1;Bouray;91850;Lardy;91-330;Essonne;Île-de-France;2.290596;48.533149;0087545178;BSO;b;;;;;48.533149, 2.290596
01472;Étréchy;Étréchy;Oui;Non;AG Ile-de-France;REGION DE PARIS RIVE GAUCHE;;;1;1;Étréchy;91580;Étréchy;91-226;Essonne;Île-de-France;2.194323;48.493727;0087545145;ETY;b;;;;;48.493727, 2.194323
01832;Rosny-sur-Seine;Rosny-sur-Seine;Oui;Non;AG Ile-de-France;REGION DE PARIS SAINT-LAZARE;;;1;1;Rosny-sur-Seine;78710;Rosny-sur-Seine;78-531;Yvelines;Île-de-France;1.630090;48.997287;0087415885;RSS;b;;;;;48.997287, 1.63009
01944;Trappes;Trappes;Oui;Non;AG Ile-de-France;REGION DE PARIS RIVE GAUCHE;;;1;1;Trappes;78190;Trappes;78-621;Yvelines;Île-de-France;2.0066335;48.7751158;0087393835;TVO;b;;;;;48.7751158, 2.0066335
01960;Jouy-en-Josas;Jouy-en-Josas;Oui;Non;AG Ile-de-France;REGION DE PARIS RIVE GAUCHE;;;1;1;Jouy-en-Josas;78350;Jouy-en-Josas;78-322;Yvelines;Île-de-France;2.1635294;48.7650042;0087393512;JAS;b;;;;;48.7650042, 2.1635294
01961;Petit Jouy Les Loges;Petit Jouy Les Loges;Oui;Non;AG Ile-de-France;REGION DE PARIS RIVE GAUCHE;;;1;1;Petit Jouy Les Loges;78350;Jouy-en-Josas;78-322;Yvelines;Île-de-France;2.1470148;48.7709430;0087393504;PJZ;b;;;;;48.770943, 2.1470148
01964;Houdan;Houdan;Oui;Non;AG Ile-de-France;REGION DE PARIS RIVE GAUCHE;;;1;1;Houdan;78550;Houdan;78-310;Yvelines;Île-de-France;1.6027371;48.7958005;0087393462;HOA;b;;;;;48.7958005, 1.6027371
01977;Les Essarts-le-Roi;Les Essarts-le-Roi;Oui;Non;AG Ile-de-France;REGION DE PARIS RIVE GAUCHE;;;1;1;Les Essarts-le-Roi;78690;Essarts-le-Roi;78-220;Yvelines;Île-de-France;1.8904047;48.7217171;0087393280;LSI;b;;;;;48.7217171, 1.8904047
01978;Coignières;Coignières;Oui;Non;AG Ile-de-France;REGION DE PARIS RIVE GAUCHE;;;1;1;Coignières;78310;Coignières;78-168;Yvelines;Île-de-France;1.920809;48.7437672;0087393272;CGW;b;;;;;48.7437672, 1.920809
01981;Viroflay Rive Gauche;Viroflay Rive Gauche;Oui;Non;AG Ile-de-France;REGION DE PARIS RIVE GAUCHE;;;1;1;Viroflay Rive Gauche;78220;Viroflay;78-686;Yvelines;Île-de-France;2.1711466;48.800517;0087393215;VFG;b;;;;;48.800517, 2.1711466
01988;Meudon;Meudon;Oui;Non;AG Ile-de-France;REGION DE PARIS RIVE GAUCHE;;;1;1;Meudon;92190;Meudon;92-048;Hauts-de-Seine;Île-de-France;2.2410999;48.8147527;0087393108;MDN;b;;;;;48.8147527, 2.2410999
01989;Meudon Val Fleury;Meudon Val Fleury;Oui;Non;AG Ile-de-France;REGION DE PARIS RIVE GAUCHE;;;1;1;Meudon Val Fleury;92190;Meudon;92-048;Hauts-de-Seine;Île-de-France;2.2409045;48.8079884;0087393082;MFY;b;;;;;48.8079884, 2.2409045
01994;Invalides;Invalides;Oui;Non;AG Ile-de-France;REGION DE PARIS RIVE GAUCHE;;;1;1;Invalides;75007;Paris;75-056;Paris;Île-de-France;2.3150151;48.8619133;0087393033;INV;b;;;;;48.8619133, 2.3150151
01995;Versailles Chantiers;Versailles Chantiers;Oui;Non;AG Ile-de-France;REGION DE PARIS RIVE GAUCHE;;;1;1;Versailles Chantiers;78000;Versailles;78-646;Yvelines;Île-de-France;2.1358827;48.7958264;0087393009;VCR;b;;;;;48.7958264, 2.1358827
01997;Vanves - Malakoff;Vanves - Malakoff;Oui;Non;AG Ile-de-France;REGION DE PARIS RIVE GAUCHE;;;1;1;Vanves - Malakoff;92170;Vanves;92-075;Hauts-de-Seine;Île-de-France;2.2920988;48.8181959;0087391532;VMK;b;;;;;48.8181959, 2.2920988
02008;Aubergenville Élisabethville;Aubergenville Élisabethville;Oui;Non;AG Ile-de-France;REGION DE PARIS SAINT-LAZARE;;;1;1;Aubergenville Élisabethville;78410;Aubergenville;78-029;Yvelines;Île-de-France;1.8484987;48.971825;0087386730;AEH;b;;;;;48.971825, 1.8484987
02012;Villennes-sur-Seine;Villennes-sur-Seine;Oui;Non;AG Ile-de-France;REGION DE PARIS SAINT-LAZARE;;;1;1;Villennes-sur-Seine;78670;Villennes-sur-Seine;78-672;Yvelines;Île-de-France;1.9993185;48.9394602;0087386649;VSW;b;;;;;48.9394602, 1.9993185
02019;Les Vallées;Les Vallées;Oui;Non;AG Ile-de-France;REGION DE PARIS SAINT-LAZARE;;;1;1;Les Vallées;92250;Bois-Colombes;92-009;Hauts-de-Seine;Île-de-France;2.257909;48.913408;0087386300;LWA;b;;;;;48.913408, 2.257909
02020;Achères Grand Cormier;Achères Grand Cormier;Oui;Non;AG Ile-de-France;REGION DE PARIS SAINT-LAZARE;;;1;1;Achères Grand Cormier;78100;Saint-Germain-en-Laye;78-551;Yvelines;Île-de-France;2.0919031;48.9551835;0087386052;GCR;b;;;;;48.9551835, 2.0919031
02025;Montreuil;Montreuil;Oui;Non;AG Ile-de-France;REGION DE PARIS SAINT-LAZARE;;;1;1;Montreuil;78000;Versailles;78-646;Yvelines;Île-de-France;2.1511693;48.8067323;0087382879;MFL;b;;;;;48.8067323, 2.1511693
02032;L'Étang-la-Ville;L'Étang-la-Ville;Oui;Non;AG Ile-de-France;REGION DE PARIS SAINT-LAZARE;;;1;1;L'Étang-la-Ville;78620;Étang-la-Ville;78-224;Yvelines;Île-de-France;2.0766932;48.86822;0087382473;ELW;b;;;;;48.86822, 2.0766932
02034;Louveciennes;Louveciennes;Oui;Non;AG Ile-de-France;REGION DE PARIS SAINT-LAZARE;;;1;1;Louveciennes;78430;Louveciennes;78-350;Yvelines;Île-de-France;2.1230176;48.8610361;0087382457;LFC;b;;;;;48.8610361, 2.1230176
02036;La Celle-Saint-Cloud;La Celle-Saint-Cloud;Oui;Non;AG Ile-de-France;REGION DE PARIS SAINT-LAZARE;;;1;1;La Celle-Saint-Cloud;78170;Celle-Saint-Cloud;78-126;Yvelines;Île-de-France;2.13797;48.84259;0087382432;LCB;b;;;;;48.84259, 2.13797
02037;Puteaux;Puteaux;Oui;Non;AG Ile-de-France;REGION DE PARIS SAINT-LAZARE;;;1;1;Puteaux;92800;Puteaux;92-062;Hauts-de-Seine;Île-de-France;2.23350;48.88351;0087382382;PTX;b;;;;;48.88351, 2.2335
02040;Saint-Cloud;Saint-Cloud;Oui;Non;AG Ile-de-France;REGION DE PARIS SAINT-LAZARE;;;1;1;Saint-Cloud;92210;Saint-Cloud;92-064;Hauts-de-Seine;Île-de-France;2.21687;48.84541;0087382358;SCD;b;;;;;48.84541, 2.21687
02042;Chaville Rive Droite;Chaville Rive Droite;Oui;Non;AG Ile-de-France;REGION DE PARIS SAINT-LAZARE;;;1;1;Chaville Rive Droite;92370;Chaville;92-022;Hauts-de-Seine;Île-de-France;2.18785;48.81213;0087382333;CWJ;b;;;;;48.81213, 2.18785
02045;La Défense;La Défense;Oui;Non;AG Ile-de-France;REGION DE PARIS SAINT-LAZARE;;;1;1;La Défense;92800;Puteaux;92-062;Hauts-de-Seine;Île-de-France;2.23763;48.89308;0087382218;LDU;b;;;;;48.89308, 2.23763
02055;Thun le Paradis;Thun le Paradis;Oui;Non;AG Ile-de-France;REGION DE PARIS SAINT-LAZARE;;;1;1;Thun le Paradis;78250;Meulan-en-Yvelines;78-401;Yvelines;Île-de-France;1.91922;49.00687;0087381822;TPA;b;;;;;49.00687, 1.91922
02057;Triel-sur-Seine;Triel-sur-Seine;Oui;Non;AG Ile-de-France;REGION DE PARIS SAINT-LAZARE;;;1;1;Triel-sur-Seine;78510;Triel-sur-Seine;78-624;Yvelines;Île-de-France;2.00577;48.98099;0087381806;TSS;b;;;;;48.98099, 2.00577
02060;Maule;Maule;Oui;Non;AG Ile-de-France;REGION DE PARIS SAINT-LAZARE;;;1;1;Maule;78580;Maule;78-380;Yvelines;Île-de-France;1.85708;48.90917;0087381723;MAE;b;;;;;48.90917, 1.85708
02064;Bréval;Bréval;Oui;Non;AG Ile-de-France;REGION DE PARIS SAINT-LAZARE;;;1;1;Bréval;78980;Bréval;78-107;Yvelines;Île-de-France;1.54191;48.94336;0087381624;BVA;b;;;;;48.94336, 1.54191
02066;Mantes Station;Mantes Station;Oui;Non;AG Ile-de-France;REGION DE PARIS SAINT-LAZARE;;;1;1;Mantes Station;78200;Mantes-la-Jolie;78-361;Yvelines;Île-de-France;1.71581;48.98366;0087381590;MTQ;b;;;;;48.98366, 1.71581
02067;Limay;Limay;Oui;Non;AG Ile-de-France;REGION DE PARIS SAINT-LAZARE;;;1;1;Limay;78520;Limay;78-335;Yvelines;Île-de-France;1.74731;48.98410;0087381582;LSH;b;;;;;48.9841, 1.74731
02069;Gargenville;Gargenville;Oui;Non;AG Ile-de-France;REGION DE PARIS SAINT-LAZARE;;;1;1;Gargenville;78440;Gargenville;78-267;Yvelines;Île-de-France;1.80890;48.98318;0087381566;GGV;b;;;;;48.98318, 1.8089
02076;Saint-Ouen-l'Aumône Quartier de l'Église;Saint-Ouen-l'Aumône Quartier de l'Église;Oui;Non;AG Ile-de-France;REGION DE PARIS-NORD;;;1;1;Saint-Ouen-l'Aumône Quartier de l'Église;95310;Saint-Ouen-l'Aumône;95-572;Val-d'Oise;Île-de-France;2.10369;49.03997;0087381426;XOA;b;;;;;49.03997, 2.10369
02092;Clichy - Levallois;Clichy - Levallois;Oui;Non;AG Ile-de-France;REGION DE PARIS SAINT-LAZARE;;;1;1;Clichy - Levallois;92110;Levallois-Perret;92-044;Hauts-de-Seine;Île-de-France;2.29820;48.89678;0087381129;CLL;b;;;;;48.89678, 2.2982
02097;Avenue Henri Martin;Avenue Henri Martin;Oui;Non;AG Ile-de-France;REGION DE PARIS RIVE GAUCHE;;;1;1;Avenue Henri Martin;75016;Paris;75-056;Paris;Île-de-France;2.2722380;48.8644077;0087381046;AHM;b;;;;;48.8644077, 2.272238
02101;Saint-Germain-en-Laye Bel-Air - Fourqueux;Saint-Germain-en-Laye Bel-Air - Fourqueux;Oui;Non;AG Ile-de-France;REGION DE PARIS SAINT-LAZARE;;;1;1;Saint-Germain-en-Laye Bel-Air - Fourqueux;78100;Saint-Germain-en-Laye;78-551;Yvelines;Île-de-France;2.07050;48.89494;0087366922;EBL;b;;;;;48.89494, 2.0705
02198;Neuville Université;Neuville Université;Oui;Non;AG Ile-de-France;REGION DE PARIS SAINT-LAZARE;;;1;1;Neuville Université;95000;Neuville-sur-Oise;95-450;Val-d'Oise;Île-de-France;2.07886;49.01426;0087334482;NUE;b;;;;;49.01426, 2.07886
02199;Bibliothèque François Mitterrand;Bibliothèque François Mitterrand;Oui;Non;AG Ile-de-France;REGION DE PARIS RIVE GAUCHE;;;1;1;Bibliothèque François Mitterrand;75013;Paris;75-056;Paris;Île-de-France;2.37684;48.82984;0087328328;BFM;b;;;;;48.82984, 2.37684
02450;Nointel - Mours;Nointel - Mours;Oui;Non;AG Ile-de-France;REGION DE PARIS-NORD;;;1;1;Nointel - Mours;95590;Nointel;95-452;Val-d'Oise;Île-de-France;2.28066;49.13270;0087276758;NOJ;b;;;;;49.1327, 2.28066
02465;Ermont Halte;Ermont Halte;Oui;Non;AG Ile-de-France;REGION DE PARIS-NORD;;;1;1;Ermont Halte;95120;Ermont;95-219;Val-d'Oise;Île-de-France;2.26323;48.98980;0087276584;ERM;b;;;;;48.9898, 2.26323
02472;Champagne-sur-Oise;Champagne-sur-Oise;Oui;Non;AG Ile-de-France;REGION DE PARIS-NORD;;;1;1;Champagne-sur-Oise;95660;Champagne-sur-Oise;95-134;Val-d'Oise;Île-de-France;2.24156;49.13573;0087276519;CPI;b;;;;;49.13573, 2.24156
02482;Écouen - Ézanville;Écouen - Ézanville;Oui;Non;AG Ile-de-France;REGION DE PARIS-NORD;;;1;1;Écouen - Ézanville;95440;Ézanville;95-229;Val-d'Oise;Île-de-France;2.36325;49.02273;0087276394;ECZ;b;;;;;49.02273, 2.36325
02487;Deuil - Montmagny;Deuil - Montmagny;Oui;Non;AG Ile-de-France;REGION DE PARIS-NORD;;;1;1;Deuil - Montmagny;95170;Deuil-la-Barre;95-197;Val-d'Oise;Île-de-France;2.33785;48.97589;0087276345;DEU;b;;;;;48.97589, 2.33785
02494;Louvres;Louvres;Oui;Non;AG Ile-de-France;REGION DE PARIS-NORD;;;1;1;Louvres;95380;Louvres;95-351;Val-d'Oise;Île-de-France;2.5018967;49.0496573;0087276253;LOV;b;;;;;49.0496573, 2.5018967
02495;Goussainville;Goussainville;Oui;Non;AG Ile-de-France;REGION DE PARIS-NORD;;;1;1;Goussainville;95190;Goussainville;95-280;Val-d'Oise;Île-de-France;2.4632464;49.0240732;0087276246;GOU;b;;;;;49.0240732, 2.4632464
02497;Villiers-le-Bel - Gonesse - Arnouville;Villiers-le-Bel - Gonesse - Arnouville;Oui;Non;AG Ile-de-France;REGION DE PARIS-NORD;;;1;1;Villiers-le-Bel - Gonesse - Arnouville;95400;Arnouville;95-019;Val-d'Oise;Île-de-France;2.4162288;48.994175;0087276220;VIB;b;;;;;48.994175, 2.4162288
02501;Sannois;Sannois;Oui;Non;AG Ile-de-France;REGION DE PARIS SAINT-LAZARE;;;1;1;Sannois;95110;Sannois;95-582;Val-d'Oise;Île-de-France;2.26377;48.97016;0087276188;SNN;b;;;;;48.97016, 2.26377
02513;Ermont - Eaubonne;Ermont - Eaubonne;Oui;Non;AG Ile-de-France;REGION DE PARIS-NORD;;;2;1;Ermont - Eaubonne;95120;Ermont;95-219;Val-d'Oise;Île-de-France;2.2712294;48.9803322;0087276055;ERT;b;;;;;48.9803322, 2.2712294
02514;Champ de Courses d'Enghien;Champ de Courses d'Enghien;Oui;Non;AG Ile-de-France;REGION DE PARIS-NORD;;;1;1;Champ de Courses d'Enghien;95230;Soisy-sous-Montmorency;95-598;Val-d'Oise;Île-de-France;2.29189;48.97975;0087276030;CEG;b;;;;;48.97975, 2.29189
02523;Compans;Compans;Oui;Non;AG Ile-de-France;REGION DE PARIS-NORD;;;1;1;Compans;77290;Compans;77-123;Seine-et-Marne;Île-de-France;2.6652718;48.9915767;0087272047;COJ;c;;;;;48.9915767, 2.6652718
02524;Seugy;Seugy;Oui;Non;AG Ile-de-France;REGION DE PARIS-NORD;;;1;1;Seugy;95270;Seugy;95-594;Val-d'Oise;Île-de-France;2.3989116;49.1189923;0087272039;SWY;c;;;;;49.1189923, 2.3989116
02538;Dammartin - Juilly - Saint-Mard;Dammartin - Juilly - Saint-Mard;Oui;Non;AG Ile-de-France;REGION DE PARIS-NORD;;;1;1;Dammartin - Juilly - Saint-Mard;77230;Saint-Mard;77-420;Seine-et-Marne;Île-de-France;2.69887;49.03219;0087271536;DAM;b;;;;;49.03219, 2.69887
02541;Aéroport Charles de Gaulle 2 TGV;Aéroport Charles de Gaulle 2 TGV;Oui;Non;AG Ile-de-France;REGION DE PARIS-NORD;UG Paris-Nord;;2;2;Aéroport Charles de Gaulle 2 TGV (RER);95700;Roissy-en-France;95-527;Val-d'Oise;Île-de-France;2.570892;49.003652;0087001479;RYT_TRANS;b;;;;;49.003652, 2.570892
02551;Le Bourget;Le Bourget;Oui;Non;AG Ile-de-France;REGION DE PARIS-NORD;;;1;1;Le Bourget;93350;Bourget;93-013;Seine-Saint-Denis;Île-de-France;2.42571;48.93096;0087271395;LBT;b;;;;;48.93096, 2.42571
02553;Saint-Ouen;Saint-Ouen;Oui;Non;AG Ile-de-France;REGION DE PARIS-NORD;;;1;1;Saint-Ouen;93400;Saint-Ouen;93-070;Seine-Saint-Denis;Île-de-France;2.32257;48.90531;0087271247;SOS;b;;;;;48.90531, 2.32257
02560;Saint-Denis;Saint-Denis;Oui;Non;AG Ile-de-France;REGION DE PARIS-NORD;;;1;1;Saint-Denis;93200;Saint-Denis;93-066;Seine-Saint-Denis;Île-de-France;2.3459524;48.9354933;0087271015;SDE;b;;;;;48.9354933, 2.3459524
03019;Isles - Armentières - Congis;Isles - Armentières - Congis;Oui;Non;AG Ile-de-France;REGION DE PARIS-EST;;;1;1;Isles - Armentières - Congis;77440;Isles-les-Meldeuses;77-231;Seine-et-Marne;Île-de-France;3.0072998;48.9980994;0087116616;IAC;c;;;;;48.9980994, 3.0072998
03028;Esbly;Esbly;Oui;Non;AG Ile-de-France;REGION DE PARIS-EST;;;1;1;Esbly;77450;Esbly;77-171;Seine-et-Marne;Île-de-France;2.81059946;48.90314191;0087116327;EYA;b;;;;;48.90314191, 2.81059946
03031;Vaires - Torcy;Vaires - Torcy;Oui;Non;AG Ile-de-France;REGION DE PARIS-EST;;;1;1;Vaires - Torcy;77360;Vaires-sur-Marne;77-479;Seine-et-Marne;Île-de-France;2.639986;48.874953;0087116293;VAI;b;;;;;48.874953, 2.639986
03035;Mortcerf;Mortcerf;Oui;Non;AG Ile-de-France;REGION DE PARIS-EST;;;1;1;Mortcerf;77163;Mortcerf;77-318;Seine-et-Marne;Île-de-France;2.9075554;48.7892191;0087116244;MOF;c;;;;;48.7892191, 2.9075554
03037;Tournan;Tournan;Oui;Non;AG Ile-de-France;REGION DE PARIS-EST;;;1;1;Tournan;77220;Tournan-en-Brie;77-470;Seine-et-Marne;Île-de-France;2.75957134;48.7393088;0087116210;TOU;b;;;;;48.7393088, 2.75957134
03043;Nangis;Nangis;Oui;Non;AG Ile-de-France;REGION DE PARIS-EST;;;1;1;Nangis;77370;Nangis;77-327;Seine-et-Marne;Île-de-France;3.012619;48.561336;0087116095;NAN;b;;;;;48.561336, 3.012619
03046;Émerainville - Pontault-Combault;Émerainville - Pontault-Combault;Oui;Non;AG Ile-de-France;REGION DE PARIS-EST;;;1;1;Émerainville - Pontault-Combault;77340;Pontault-Combault;77-373;Seine-et-Marne;Île-de-France;2.618004;48.806034;0087116046;EMR;b;;;;;48.806034, 2.618004
03051;Freinville Sevran;Freinville Sevran;Oui;Non;AG Ile-de-France;REGION DE PARIS-EST;;;1;1;Freinville Sevran;93270;Sevran;93-071;Seine-Saint-Denis;Île-de-France;2.519019;48.926637;0087113894;FSV;b;;;;;48.926637, 2.519019
03054;Gargan;Gargan;Oui;Non;AG Ile-de-France;REGION DE PARIS-EST;;;1;1;Gargan;93320;Pavillons-sous-Bois;93-057;Seine-Saint-Denis;Île-de-France;2.517109;48.908159;0087113860;GAF;b;;;;;48.908159, 2.517109
03056;Les Coquetiers;Les Coquetiers;Oui;Non;AG Ile-de-France;REGION DE PARIS-EST;;;1;1;Les Coquetiers;93250;Villemomble;93-077;Seine-Saint-Denis;Île-de-France;2.499415;48.892440;0087113845;LQT;b;;;;;48.89244, 2.499415
03059;Les Boullereaux Champigny;Les Boullereaux Champigny;Oui;Non;AG Ile-de-France;REGION DE PARIS-EST;;;1;1;Les Boullereaux Champigny;94500;Champigny-sur-Marne;94-017;Val-de-Marne;Île-de-France;2.511884;48.824926;0087113779;BXP;b;;;;;48.824926, 2.511884
03060;Nogent - Le Perreux;Nogent - Le Perreux;Oui;Non;AG Ile-de-France;REGION DE PARIS-EST;;;1;1;Nogent - Le Perreux;94130;Nogent-sur-Marne;94-052;Val-de-Marne;Île-de-France;2.494331;48.838846;0087113746;NLP;b;;;;;48.838846, 2.494331
03069;Pantin;Pantin;Oui;Non;AG Ile-de-France;REGION DE PARIS-EST;;;1;1;Pantin;93500;Pantin;93-055;Seine-Saint-Denis;Île-de-France;2.400685;48.898096;0087113209;PAN;b;;;;;48.898096, 2.400685
00761;Bagneaux-sur-Loing;Bagneaux-sur-Loing;Oui;Non;AG Ile-de-France;REGION DE PARIS-SUD-EST;;;1;1;Bagneaux-sur-Loing;77167;Bagneaux-sur-Loing;77-016;Seine-et-Marne;Île-de-France;2.7033327;48.2304802;0087684191;BXN;c;;;;;48.2304802, 2.7033327
00762;Nemours - Saint-Pierre;Nemours - Saint-Pierre;Oui;Non;AG Ile-de-France;REGION DE PARIS-SUD-EST;;;1;1;Nemours - Saint-Pierre;77140;Saint-Pierre-lès-Nemours;77-431;Seine-et-Marne;Île-de-France;2.685754;48.267884;0087684126;NSP;b;;;;;48.267884, 2.685754
00800;Héricy;Héricy;Oui;Non;AG Ile-de-France;REGION DE PARIS-SUD-EST;;;1;1;Héricy;77850;Héricy;77-226;Seine-et-Marne;Île-de-France;2.7605339;48.4424848;0087682435;HER;c;;;;;48.4424848, 2.7605339
00806;Moret - Veneux-les-Sablons;Moret - Veneux-les-Sablons;Oui;Non;AG Ile-de-France;REGION DE PARIS-SUD-EST;;;1;1;Moret - Veneux-les-Sablons;77250;Veneux-les-Sablons;77-491;Seine-et-Marne;Île-de-France;2.79941;48.37838;0087682278;MOR;b;;;;;48.37838, 2.79941
00807;Thomery;Thomery;Oui;Non;AG Ile-de-France;REGION DE PARIS-SUD-EST;;;1;1;Thomery;77300;Thomery;77-463;Seine-et-Marne;Île-de-France;2.763995;48.394462;0087682252;TMR;b;;;;;48.394462, 2.763995
00810;Savigny-le-Temple - Nandy;Savigny-le-Temple - Nandy;Oui;Non;AG Ile-de-France;REGION DE PARIS-SUD-EST;;;1;1;Savigny-le-Temple - Nandy;77176;Savigny-le-Temple;77-445;Seine-et-Marne;Île-de-France;2.583678;48.595519;0087682187;ZTN;b;;;;;48.595519, 2.583678
00813;Lieusaint - Moissy;Lieusaint - Moissy;Oui;Non;AG Ile-de-France;REGION DE PARIS-SUD-EST;;;1;1;Lieusaint - Moissy;77127;Moissy-Cramayel;77-296;Seine-et-Marne;Île-de-France;2.568935;48.628305;0087682153;LIU;b;;;;;48.628305, 2.568935
00816;Brunoy;Brunoy;Oui;Non;AG Ile-de-France;REGION DE PARIS-SUD-EST;;;1;1;Brunoy;91800;Brunoy;91-114;Essonne;Île-de-France;2.506422;48.699112;0087682120;BNY;b;;;;;48.699112, 2.506422
00823;Le Coudray-Montceaux;Le Coudray-Montceaux;Oui;Non;AG Ile-de-France;REGION DE PARIS-SUD-EST;;;1;1;Le Coudray-Montceaux;91830;Coudray-Montceaux;91-179;Essonne;Île-de-France;2.4924649;48.5661679;0087681635;CEX;c;;;;;48.5661679, 2.4924649
00833;Moulin Galant;Moulin Galant;Oui;Non;AG Ile-de-France;REGION DE PARIS-SUD-EST;;;1;1;Moulin Galant;91100;Corbeil-Essonnes;91-174;Essonne;Île-de-France;2.47332;48.58626;0087681403;MJW;b;;;;;48.58626, 2.47332
00839;Orangis Bois de l'Épine;Orangis Bois de l'Épine;Oui;Non;AG Ile-de-France;REGION DE PARIS-SUD-EST;;;1;1;Orangis Bois de l'Épine;91130;Ris-Orangis;91-521;Essonne;Île-de-France;2.407736;48.636260;0087681346;OBP;b;;;;;48.63626, 2.407736
01831;Bonnières;Bonnières;Oui;Non;AG Ile-de-France;REGION DE PARIS SAINT-LAZARE;;;1;1;Bonnières;78270;Bonnières-sur-Seine;78-089;Yvelines;Île-de-France;1.582205;49.038788;0087415893;BNR;b;;;;;49.038788, 1.582205
00796;La Grande-Paroisse;La Grande-Paroisse;Oui;Non;AG Ile-de-France;REGION DE PARIS-SUD-EST;;;1;1;La Grande-Paroisse;77130;Grande-Paroisse;77-210;Seine-et-Marne;Île-de-France;2.8971614;48.3787751;0087682476;GPA;c;;;;;48.3787751, 2.8971614
00799;Vulaines-sur-Seine - Samoreau;Vulaines-sur-Seine - Samoreau;Oui;Non;AG Ile-de-France;REGION DE PARIS-SUD-EST;;;1;1;Vulaines-sur-Seine - Samoreau;77870;Samoreau;77-442;Seine-et-Marne;Île-de-France;2.7531008;48.4305468;0087682443;VUN;c;;;;;48.4305468, 2.7531008
00802;Chartrettes;Chartrettes;Oui;Non;AG Ile-de-France;REGION DE PARIS-SUD-EST;;;1;1;Chartrettes;77590;Chartrettes;77-096;Seine-et-Marne;Île-de-France;2.6950059;48.4870771;0087682419;CJR;c;;;;;48.4870771, 2.6950059
00803;Livry-sur-Seine;Livry-sur-Seine;Oui;Non;AG Ile-de-France;REGION DE PARIS-SUD-EST;;;1;1;Livry-sur-Seine;77000;Livry-sur-Seine;77-255;Seine-et-Marne;Île-de-France;2.6788796;48.5104579;0087682401;LYQ;c;;;;;48.5104579, 2.6788796
00804;Montereau;Montereau;Oui;Non;AG Ile-de-France;REGION DE PARIS-SUD-EST;;;1;1;Montereau;77130;Montereau-Fault-Yonne;77-305;Seine-et-Marne;Île-de-France;2.942972;48.379934;0087682302;MTU;b;;;;;48.379934, 2.942972
00822;Villeneuve Triage;Villeneuve Triage;Oui;Non;AG Ile-de-France;REGION DE PARIS-SUD-EST;;;1;1;Villeneuve Triage;94190;Villeneuve-Saint-Georges;94-078;Val-de-Marne;Île-de-France;2.438192;48.745198;0087681809;VSG;b;;;;;48.745198, 2.438192
00834;Le Bras de Fer;Le Bras de Fer;Oui;Non;AG Ile-de-France;REGION DE PARIS-SUD-EST;;;1;1;Le Bras de Fer;91000;Évry;91-228;Essonne;Île-de-France;2.450625;48.623287;0087681395;BFX;b;;;;;48.623287, 2.450625
00837;Évry;Évry;Oui;Non;AG Ile-de-France;REGION DE PARIS-SUD-EST;;;1;1;Évry;91000;Évry;91-228;Essonne;Île-de-France;2.45209;48.63442;0087681361;EVR;b;;;;;48.63442, 2.45209
00838;Grand Bourg;Grand Bourg;Oui;Non;AG Ile-de-France;REGION DE PARIS-SUD-EST;;;1;1;Grand Bourg;91000;Ris-Orangis;91-521;Essonne;Île-de-France;2.435939;48.648004;0087681353;GBG;b;;;;;48.648004, 2.435939
00840;Ris-Orangis;Ris-Orangis;Oui;Non;AG Ile-de-France;REGION DE PARIS-SUD-EST;;;1;1;Ris-Orangis;91130;Ris-Orangis;91-521;Essonne;Île-de-France;2.414420;48.659442;0087681338;RIS;b;;;;;48.659442, 2.41442
01434;Musée d'Orsay;Musée d'Orsay;Oui;Non;AG Ile-de-France;REGION DE PARIS RIVE GAUCHE;;;1;1;Musée d'Orsay;75007;Paris;75-056;Paris;Île-de-France;2.325671;48.860790;0087547307;MDS;b;;;;;48.86079, 2.325671
01438;Rungis la Fraternelle;Rungis la Fraternelle;Oui;Non;AG Ile-de-France;REGION DE PARIS RIVE GAUCHE;;;1;1;Rungis la Fraternelle;94150;Rungis;94-065;Val-de-Marne;Île-de-France;2.35298;48.74032;0087546291;RFL;b;;;;;48.74032, 2.35298
01452;Égly;Égly;Oui;Non;AG Ile-de-France;REGION DE PARIS RIVE GAUCHE;;;1;1;Égly;91520;Égly;91-207;Essonne;Île-de-France;2.222138;48.582364;0087545475;ELY;b;;;;;48.582364, 2.222138
01454;La Norville - Saint-Germain-lès-Arpajon;La Norville - Saint-Germain-lès-Arpajon;Oui;Non;AG Ile-de-France;REGION DE PARIS RIVE GAUCHE;;;1;1;La Norville - Saint-Germain-lès-Arpajon;91290;Norville;91-457;Essonne;Île-de-France;2.267586;48.591617;0087545459;NGE;b;;;;;48.591617, 2.267586
01461;Athis-Mons;Athis-Mons;Oui;Non;AG Ile-de-France;REGION DE PARIS RIVE GAUCHE;;;1;1;Athis-Mons;91200;Athis-Mons;91-027;Essonne;Île-de-France;2.403749;48.712557;0087545251;ATH;b;;;;;48.712557, 2.403749
01464;Épinay-sur-Orge;Épinay-sur-Orge;Oui;Non;AG Ile-de-France;REGION DE PARIS RIVE GAUCHE;;;1;1;Épinay-sur-Orge;91360;Épinay-sur-Orge;91-216;Essonne;Île-de-France;2.33182;48.66952;0087545228;EYO;b;;;;;48.66952, 2.33182
01465;Sainte-Geneviève-des-Bois;Sainte-Geneviève-des-Bois;Oui;Non;AG Ile-de-France;REGION DE PARIS RIVE GAUCHE;;;1;1;Sainte-Geneviève-des-Bois;91700;Sainte-Geneviève-des-Bois;91-549;Essonne;Île-de-France;2.313161;48.653245;0087545210;SXG;b;;;;;48.653245, 2.313161
01473;Étampes;Étampes;Oui;Non;AG Ile-de-France;REGION DE PARIS RIVE GAUCHE;;;1;1;Étampes;91150;Étampes;91-223;Essonne;Île-de-France;2.159468;48.436661;0087545137;ETP;b;;;;;48.436661, 2.159468
01474;Guillerval;Guillerval;Oui;Non;AG Ile-de-France;REGION DE PARIS RIVE GAUCHE;;;1;1;Guillerval;91690;Guillerval;91-294;Essonne;Île-de-France;2.0598748;48.3744455;0087545129;GUE;c;;;;;48.3744455, 2.0598748
01485;Angerville;Angerville;Oui;Non;AG Ile-de-France;REGION DE PARIS RIVE GAUCHE;;;1;1;Angerville;91670;Angerville;91-016;Essonne;Île-de-France;2.0034931;48.3112062;0087543090;AGV;c;;;;;48.3112062, 2.0034931
01943;Saint-Quentin en Yvelines - Montigny-le-Bretonneux;Saint-Quentin en Yvelines - Montigny-le-Bretonneux;Oui;Non;AG Ile-de-France;REGION DE PARIS RIVE GAUCHE;;;1;1;Saint-Quentin en Yvelines - Montigny-le-Bretonneux;78180;Montigny-le-Bretonneux;78-423;Yvelines;Île-de-France;2.04523;48.78657;0087393843;SQY;b;;;;;48.78657, 2.04523
01948;Chilly-Mazarin;Chilly-Mazarin;Oui;Non;AG Ile-de-France;REGION DE PARIS RIVE GAUCHE;;;1;1;Chilly-Mazarin;91380;Chilly-Mazarin;91-161;Essonne;Île-de-France;2.3081837;48.7004413;0087393637;CAZ;b;;;;;48.7004413, 2.3081837
01955;Igny;Igny;Oui;Non;AG Ile-de-France;REGION DE PARIS RIVE GAUCHE;;;1;1;Igny;91430;Igny;91-312;Essonne;Île-de-France;2.2313626;48.7399008;0087393561;IGY;b;;;;;48.7399008, 2.2313626
01965;Tacoignières - Richebourg;Tacoignières - Richebourg;Oui;Non;AG Ile-de-France;REGION DE PARIS RIVE GAUCHE;;;1;1;Tacoignières - Richebourg;78910;Tacoignières;78-605;Yvelines;Île-de-France;1.6689566;48.8295827;0087393454;TAE;b;;;;;48.8295827, 1.6689566
01967;Garancières - La Queue;Garancières - La Queue;Oui;Non;AG Ile-de-France;REGION DE PARIS RIVE GAUCHE;;;1;1;Garancières - La Queue;78890;Garancières;78-265;Yvelines;Île-de-France;1.7647546;48.8106338;0087393439;GAQ;b;;;;;48.8106338, 1.7647546
01972;Gazeran;Gazeran;Oui;Non;AG Ile-de-France;REGION DE PARIS RIVE GAUCHE;;;1;1;Gazeran;78125;Gazeran;78-269;Yvelines;Île-de-France;1.7718857;48.6259183;0087393348;GZA;b;;;;;48.6259183, 1.7718857
01973;Pont du Garigliano - Hôpital Européen Georges Pompidou;Pont du Garigliano - Hôpital Européen Georges Pompidou;Oui;Non;AG Ile-de-France;REGION DE PARIS RIVE GAUCHE;;;1;1;Pont du Garigliano - Hôpital Européen Georges Pompidou;75015;Paris;75-056;Paris;Île-de-France;2.2712276;48.839464;0087393322;BVI;b;;;;;48.839464, 2.2712276
01976;Le Perray;Le Perray;Oui;Non;AG Ile-de-France;REGION DE PARIS RIVE GAUCHE;;;1;1;Le Perray;78610;Perray-en-Yvelines;78-486;Yvelines;Île-de-France;1.856057;48.6933406;0087393298;LPE;b;;;;;48.6933406, 1.856057
01980;Saint-Cyr;Saint-Cyr;Oui;Non;AG Ile-de-France;REGION DE PARIS RIVE GAUCHE;;;1;1;Saint-Cyr;78210;Saint-Cyr-l'École;78-545;Yvelines;Île-de-France;2.0733739;48.7990666;0087393223;SCR;b;;;;;48.7990666, 2.0733739
01984;Porchefontaine;Porchefontaine;Oui;Non;AG Ile-de-France;REGION DE PARIS RIVE GAUCHE;;;1;1;Porchefontaine;78000;Versailles;78-646;Yvelines;Île-de-France;2.1540156;48.7969381;0087393165;POA;b;;;;;48.7969381, 2.1540156
01986;Sèvres Rive Gauche;Sèvres Rive Gauche;Oui;Non;AG Ile-de-France;REGION DE PARIS RIVE GAUCHE;;;1;1;Sèvres Rive Gauche;92310;Sèvres;92-072;Hauts-de-Seine;Île-de-France;2.2147536;48.8214311;0087393124;SVR;b;;;;;48.8214311, 2.2147536
01990;Issy;Issy;Oui;Non;AG Ile-de-France;REGION DE PARIS RIVE GAUCHE;;;1;1;Issy;92130;Issy-les-Moulineaux;92-040;Hauts-de-Seine;Île-de-France;2.2593469;48.8201001;0087393074;ISY;b;;;;;48.8201001, 2.2593469
01996;Clamart;Clamart;Oui;Non;AG Ile-de-France;REGION DE PARIS RIVE GAUCHE;;;1;1;Clamart;92140;Clamart;92-023;Hauts-de-Seine;Île-de-France;2.2733273;48.813844;0087391565;CMA;b;;;;;48.813844, 2.2733273
02013;Poissy;Poissy;Oui;Non;AG Ile-de-France;REGION DE PARIS SAINT-LAZARE;;;1;1;Poissy;78300;Poissy;78-498;Yvelines;Île-de-France;2.0413676;48.9329014;0087386573;PSY;b;;;;;48.9329014, 2.0413676
02021;La Garenne-Colombes;La Garenne-Colombes;Oui;Non;AG Ile-de-France;REGION DE PARIS SAINT-LAZARE;;;1;1;La Garenne-Colombes;92250;Garenne-Colombes;92-035;Hauts-de-Seine;Île-de-France;2.2396414;48.9093952;0087386003;LGK;b;;;;;48.9093952, 2.2396414
02022;Paris Saint-Lazare;Paris Saint-Lazare;Oui;Non;AG Ile-de-France;REGION DE PARIS SAINT-LAZARE;UG St Lazare;;1;1;Paris Saint-Lazare;75008;Paris;75-056;Paris;Île-de-France;2.325331;48.876242;0087384008;PSL;a;3;;;;48.876242, 2.325331
02027;Mareil-Marly;Mareil-Marly;Oui;Non;AG Ile-de-France;REGION DE PARIS SAINT-LAZARE;;;1;1;Mareil-Marly;78750;Mareil-Marly;78-367;Yvelines;Île-de-France;2.0790676;48.8807466;0087382812;MPJ;c;;;;;48.8807466, 2.0790676
02028;Saint-Germain-en-Laye Grande Ceinture;Saint-Germain-en-Laye Grande Ceinture;Oui;Non;AG Ile-de-France;REGION DE PARIS SAINT-LAZARE;;;1;1;Saint-Germain-en-Laye Grande Ceinture;78100;Saint-Germain-en-Laye;78-551;Yvelines;Île-de-France;2.0733132;48.9032098;0087382804;SGM;b;;;;;48.9032098, 2.0733132
02030;Cergy Saint-Christophe;Cergy Saint-Christophe;Oui;Non;AG Ile-de-France;REGION DE PARIS SAINT-LAZARE;;;1;1;Cergy Saint-Christophe;95800;Cergy;95-127;Val-d'Oise;Île-de-France;2.0343975;49.0496151;0087382499;CYC;b;;;;;49.0496151, 2.0343975
02031;Saint-Nom-la-Bretèche Forêt de Marly;Saint-Nom-la-Bretèche Forêt de Marly;Oui;Non;AG Ile-de-France;REGION DE PARIS SAINT-LAZARE;;;1;1;Saint-Nom-la-Bretèche Forêt de Marly;78620;Étang-la-Ville;78-224;Yvelines;Île-de-France;2.0509372;48.8677671;0087382481;SNB;b;;;;;48.8677671, 2.0509372
02035;Bougival;Bougival;Oui;Non;AG Ile-de-France;REGION DE PARIS SAINT-LAZARE;;;1;1;Bougival;78170;Celle-Saint-Cloud;78-126;Yvelines;Île-de-France;2.1323749;48.8542135;0087382440;BGV;b;;;;;48.8542135, 2.1323749
02038;Suresnes Mont Valérien;Suresnes Mont Valérien;Oui;Non;AG Ile-de-France;REGION DE PARIS SAINT-LAZARE;;;1;1;Suresnes Mont Valérien;92150;Suresnes;92-073;Hauts-de-Seine;Île-de-France;2.22131;48.87155;0087382374;SMV;b;;;;;48.87155, 2.22131
02043;Vaucresson;Vaucresson;Oui;Non;AG Ile-de-France;REGION DE PARIS SAINT-LAZARE;;;1;1;Vaucresson;92420;Vaucresson;92-076;Hauts-de-Seine;Île-de-France;2.15255;48.83688;0087382267;VCN;b;;;;;48.83688, 2.15255
02046;Courbevoie;Courbevoie;Oui;Non;AG Ile-de-France;REGION DE PARIS SAINT-LAZARE;;;1;1;Courbevoie;92400;Courbevoie;92-026;Hauts-de-Seine;Île-de-France;2.24804;48.89831;0087382200;KOU;b;;;;;48.89831, 2.24804
02047;Bécon les Bruyères;Bécon les Bruyères;Oui;Non;AG Ile-de-France;REGION DE PARIS SAINT-LAZARE;;;1;1;Bécon les Bruyères;92400;Courbevoie;92-026;Hauts-de-Seine;Île-de-France;2.26838;48.90592;0087382002;BEC;b;;;;;48.90592, 2.26838
02049;Conflans-Sainte-Honorine;Conflans-Sainte-Honorine;Oui;Non;AG Ile-de-France;REGION DE PARIS SAINT-LAZARE;;;1;1;Conflans-Sainte-Honorine;78700;Conflans-Sainte-Honorine;78-172;Yvelines;Île-de-France;2.09783;48.99646;0087381897;CSH;b;;;;;48.99646, 2.09783
02071;Mantes-la-Jolie;Mantes-la-Jolie;Oui;Non;AG Ile-de-France;REGION DE PARIS SAINT-LAZARE;;;1;1;Mantes-la-Jolie;78200;Mantes-la-Jolie;78-361;Yvelines;Île-de-France;1.70337;48.98984;0087381509;MTE;b;;;;;48.98984, 1.70337
02073;Maurecourt;Maurecourt;Oui;Non;AG Ile-de-France;REGION DE PARIS SAINT-LAZARE;;;1;1;Maurecourt;78570;Andrésy;78-015;Yvelines;Île-de-France;2.05963;48.98712;0087381483;MRK;b;;;;;48.98712, 2.05963
02089;Boissy-l'Aillerie;Boissy-l'Aillerie;Oui;Non;AG Ile-de-France;REGION DE PARIS SAINT-LAZARE;;;1;1;Boissy-l'Aillerie;95650;Boissy-l'Aillerie;95-078;Val-d'Oise;Île-de-France;2.02513;49.07598;0087381152;BLA;b;;;;;49.07598, 2.02513
02090;Osny;Osny;Oui;Non;AG Ile-de-France;REGION DE PARIS SAINT-LAZARE;;;1;1;Osny;95520;Osny;95-476;Val-d'Oise;Île-de-France;2.05771;49.06283;0087381145;OSN;b;;;;;49.06283, 2.05771
02468;Belloy - Saint-Martin;Belloy - Saint-Martin;Oui;Non;AG Ile-de-France;REGION DE PARIS-NORD;;;1;1;Belloy - Saint-Martin;95270;Belloy-en-France;95-056;Val-d'Oise;Île-de-France;2.36135;49.09807;0087276550;BSW;b;;;;;49.09807, 2.36135
02473;Presles - Courcelles;Presles - Courcelles;Oui;Non;AG Ile-de-France;REGION DE PARIS-NORD;;;1;1;Presles - Courcelles;95590;Presles;95-504;Val-d'Oise;Île-de-France;2.28759;49.11346;0087276501;PRQ;b;;;;;49.11346, 2.28759
02476;Persan - Beaumont;Persan - Beaumont;Oui;Non;AG Ile-de-France;REGION DE PARIS-NORD;;;1;1;Persan - Beaumont;95340;Persan;95-487;Val-d'Oise;Île-de-France;2.27914;49.14795;0087276469;PEB;b;;;;;49.14795, 2.27914
02483;Sarcelles - Saint-Brice;Sarcelles - Saint-Brice;Oui;Non;AG Ile-de-France;REGION DE PARIS-NORD;;;1;1;Sarcelles - Saint-Brice;95200;Saint-Brice-sous-Forêt;95-539;Val-d'Oise;Île-de-France;2.36867;48.99529;0087276386;SLL;b;;;;;48.99529, 2.36867
02502;Saint-Gratien;Saint-Gratien;Oui;Non;AG Ile-de-France;REGION DE PARIS-NORD;;;1;1;Saint-Gratien;95210;Saint-Gratien;95-555;Val-d'Oise;Île-de-France;2.28531;48.96403;0087276170;SGT;b;;;;;48.96403, 2.28531
02508;Saint-Ouen-l'Aumône;Saint-Ouen-l'Aumône;Oui;Non;AG Ile-de-France;REGION DE PARIS-NORD;;;1;1;Saint-Ouen-l'Aumône;95310;Saint-Ouen-l'Aumône;95-572;Val-d'Oise;Île-de-France;2.10651;49.04527;0087276105;SOA;b;;;;;49.04527, 2.10651
02509;Pierrelaye;Pierrelaye;Oui;Non;AG Ile-de-France;REGION DE PARIS-NORD;;;1;1;Pierrelaye;95480;Pierrelaye;95-488;Val-d'Oise;Île-de-France;2.15371;49.01955;0087276097;PRY;b;;;;;49.01955, 2.15371
02525;Villaines;Villaines;Oui;Non;AG Ile-de-France;REGION DE PARIS-NORD;;;1;1;Villaines;95570;Villaines-sous-Bois;95-660;Val-d'Oise;Île-de-France;2.3513736;49.0798273;0087272021;VWG;c;;;;;49.0798273, 2.3513736
02539;Mitry - Claye;Mitry - Claye;Oui;Non;AG Ile-de-France;REGION DE PARIS-NORD;;;1;1;Mitry - Claye;77290;Mitry-Mory;77-294;Seine-et-Marne;Île-de-France;2.64247;48.97569;0087271528;MYV;b;;;;;48.97569, 2.64247
02543;Le Blanc-Mesnil;Le Blanc-Mesnil;Oui;Non;AG Ile-de-France;REGION DE PARIS-NORD;;;1;1;Le Blanc-Mesnil;93150;Blanc-Mesnil;93-007;Seine-Saint-Denis;Île-de-France;2.47747;48.93248;0087271478;BAM;b;;;;;48.93248, 2.47747
02547;Vert Galant;Vert Galant;Oui;Non;AG Ile-de-France;REGION DE PARIS-NORD;;;1;1;Vert Galant;93420;Villepinte;93-078;Seine-Saint-Denis;Île-de-France;2.56670;48.94467;0087271437;VGL;b;;;;;48.94467, 2.5667
02549;Aulnay-sous-Bois;Aulnay-sous-Bois;Oui;Non;AG Ile-de-France;REGION DE PARIS-NORD;;;1;1;Aulnay-sous-Bois;93600;Aulnay-sous-Bois;93-005;Seine-Saint-Denis;Île-de-France;2.49431;48.93179;0087271411;ABM;b;;;;;48.93179, 2.49431
02555;La Barre Ormesson;La Barre Ormesson;Oui;Non;AG Ile-de-France;REGION DE PARIS-NORD;;;1;1;La Barre Ormesson;95170;Deuil-la-Barre;95-197;Val-d'Oise;Île-de-France;2.31688;48.96633;0087271171;LBJ;b;;;;;48.96633, 2.31688
02557;Épinay-sur-Seine;Épinay-sur-Seine;Oui;Non;AG Ile-de-France;REGION DE PARIS-NORD;;;1;1;Épinay-sur-Seine;93800;Épinay-sur-Seine;93-031;Seine-Saint-Denis;Île-de-France;2.3026142;48.9542084;0087271148;EYS;b;;;;;48.9542084, 2.3026142
02558;Épinay - Villetaneuse;Épinay - Villetaneuse;Oui;Non;AG Ile-de-France;REGION DE PARIS-NORD;;;1;1;Épinay - Villetaneuse;93800;Épinay-sur-Seine;93-031;Seine-Saint-Denis;Île-de-France;2.32865;48.95838;0087271122;EPV;b;;;;;48.95838, 2.32865
02561;Paris Gare du Nord;Paris Gare du Nord;Oui;Non;AG Ile-de-France;REGION DE PARIS-NORD;UG Paris-Nord;;4;1;Paris Gare du Nord;75010;Paris;75-056;Paris;Île-de-France;2.355151;48.880185;0087271007;PNO;a;3;;;;48.880185, 2.355151
02561;Paris Gare du Nord;Paris Gare du Nord;Oui;Non;AG Ile-de-France;REGION DE PARIS-NORD;UG Paris-Nord;;4;4;Paris Gare du Nord transmanche;75010;Paris;75-056;Paris;Île-de-France;2.355151;48.880185;;;a;;;;;48.880185, 2.355151
02906;La Plaine Stade de France - Saint-Denis - Aubervilliers;La Plaine Stade de France - Saint-Denis - Aubervilliers;Oui;Non;AG Ile-de-France;REGION DE PARIS-NORD;;;1;1;La Plaine Stade de France - Saint-Denis - Aubervilliers;93200;Saint-Denis;93-066;Seine-Saint-Denis;Île-de-France;2.36257;48.91839;0087164798;LPN;b;;;;;48.91839, 2.36257
03017;Crouy-sur-Ourcq;Crouy-sur-Ourcq;Oui;Non;AG Ile-de-France;REGION DE PARIS-EST;;;1;1;Crouy-sur-Ourcq;77840;Crouy-sur-Ourcq;77-148;Seine-et-Marne;Île-de-France;3.063081;49.091821;0087116640;CQQ;b;;;;;49.091821, 3.063081
03023;Nanteuil - Saâcy;Nanteuil - Saâcy;Oui;Non;AG Ile-de-France;REGION DE PARIS-EST;;;1;1;Nanteuil - Saâcy;77730;Saâcy-sur-Marne;77-397;Seine-et-Marne;Île-de-France;3.2200172;48.9738082;0087116558;NAU;b;;;;;48.9738082, 3.2200172
03026;Trilport;Trilport;Oui;Non;AG Ile-de-France;REGION DE PARIS-EST;;;1;1;Trilport;77470;Trilport;77-475;Seine-et-Marne;Île-de-France;2.94953688;48.96013551;0087116491;TLP;b;;;;;48.96013551, 2.94953688
03034;Guérard - La Celle-sur-Morin;Guérard - La Celle-sur-Morin;Oui;Non;AG Ile-de-France;REGION DE PARIS-EST;;;1;1;Guérard - La Celle-sur-Morin;77580;Guérard;77-219;Seine-et-Marne;Île-de-France;2.954783;48.810588;0087116269;GCM;b;;;;;48.810588, 2.954783
03050;Champbenoist Poigny;Champbenoist Poigny;Oui;Non;AG Ile-de-France;REGION DE PARIS-EST;;;1;1;Champbenoist Poigny;77160;Poigny;77-368;Seine-et-Marne;Île-de-France;3.287434;48.545567;0087115873;CPK;b;;;;;48.545567, 3.287434
03055;Les Pavillons-sous-Bois;Les Pavillons-sous-Bois;Oui;Non;AG Ile-de-France;REGION DE PARIS-EST;;;1;1;Les Pavillons-sous-Bois;93320;Pavillons-sous-Bois;93-057;Seine-Saint-Denis;Île-de-France;2.511781;48.902418;0087113852;PVB;b;;;;;48.902418, 2.511781
03063;Rosny Bois Perrier;Rosny Bois Perrier;Oui;Non;AG Ile-de-France;REGION DE PARIS-EST;;;1;1;Rosny Bois Perrier;93110;Rosny-sous-Bois;93-064;Seine-Saint-Denis;Île-de-France;2.480987;48.882568;0087113696;RBI;b;;;;;48.882568, 2.480987
03067;Bondy;Bondy;Oui;Non;AG Ile-de-France;REGION DE PARIS-EST;;;1;1;Bondy;93140;Bondy;93-010;Seine-Saint-Denis;Île-de-France;2.478600;48.894208;0087113407;BDY;b;;;;;48.894208, 2.4786
03068;Noisy-le-Sec;Noisy-le-Sec;Oui;Non;AG Ile-de-France;REGION DE PARIS-EST;;;1;1;Noisy-le-Sec;93130;Noisy-le-Sec;93-053;Seine-Saint-Denis;Île-de-France;2.459306;48.896288;0087113217;NSY;b;;;;;48.896288, 2.459306
03073;Porte de Clichy;Porte de Clichy;Oui;Non;AG Ile-de-France;REGION DE PARIS RIVE GAUCHE;;;1;1;Porte de Clichy;75017;Paris;75-056;Paris;Île-de-France;2.31462;48.89399;0087111278;PCL;b;;;;;48.89399, 2.31462
00792;Saint-Fargeau;Saint-Fargeau;Oui;Non;AG Ile-de-France;REGION DE PARIS-SUD-EST;;;1;1;Saint-Fargeau;77310;Saint-Fargeau-Ponthierry;77-407;Seine-et-Marne;Île-de-France;2.542493;48.564549;0087682542;XFA;b;;;;;48.564549, 2.542493
00795;Vosves;Vosves;Oui;Non;AG Ile-de-France;REGION DE PARIS-SUD-EST;;;1;1;Vosves;77190;Dammarie-les-Lys;77-152;Seine-et-Marne;Île-de-France;2.5991469;48.5151115;0087682500;VOM;c;;;;;48.5151115, 2.5991469
01069;Créteil Pompadour;Créteil Pompadour;Oui;Non;AG Ile-de-France;REGION DE PARIS-SUD-EST;;;1;1;Créteil Pompadour;94600;Créteil;94-028;Val-de-Marne;Île-de-France;2.4352763;48.7715403;0087608802;CTP;c;;;;;48.7715403, 2.4352763
01449;Saint-Chéron;Saint-Chéron;Oui;Non;AG Ile-de-France;REGION DE PARIS RIVE GAUCHE;;;1;1;Saint-Chéron;91530;Saint-Chéron;91-540;Essonne;Île-de-France;2.125597;48.551188;0087545509;SCW;b;;;;;48.551188, 2.125597
01450;Breuillet Village;Breuillet Village;Oui;Non;AG Ile-de-France;REGION DE PARIS RIVE GAUCHE;;;1;1;Breuillet Village;91650;Breuillet;91-105;Essonne;Île-de-France;2.171207;48.564776;0087545491;BRW;b;;;;;48.564776, 2.171207
01455;Saint-Martin d'Étampes;Saint-Martin d'Étampes;Oui;Non;AG Ile-de-France;REGION DE PARIS RIVE GAUCHE;;;1;1;Saint-Martin d'Étampes;91150;Étampes;91-223;Essonne;Île-de-France;2.145401;48.427470;0087545350;SME;b;;;;;48.42747, 2.145401
01475;Monnerville;Monnerville;Oui;Non;AG Ile-de-France;REGION DE PARIS RIVE GAUCHE;;;1;1;Monnerville;91930;Monnerville;91-414;Essonne;Île-de-France;2.0320595;48.3484915;0087545111;MWW;c;;;;;48.3484915, 2.0320595
01941;Villiers - Neauphle - Pontchartrain;Villiers - Neauphle - Pontchartrain;Oui;Non;AG Ile-de-France;REGION DE PARIS RIVE GAUCHE;;;1;1;Villiers - Neauphle - Pontchartrain;78640;Villiers-Saint-Frédéric;78-683;Yvelines;Île-de-France;1.876934489891097;48.81550666129636;0087393884;VEH;b;;;;;48.8155066613, 1.87693448989
01942;Noisy-le-Roi;Noisy-le-Roi;Oui;Non;AG Ile-de-France;REGION DE PARIS SAINT-LAZARE;;;1;1;Noisy-le-Roi;78590;Noisy-le-Roi;78-455;Yvelines;Île-de-France;2.0618388;48.8415189;0087393876;NIO;b;;;;;48.8415189, 2.0618388
01950;Longjumeau;Longjumeau;Oui;Non;AG Ile-de-France;REGION DE PARIS RIVE GAUCHE;;;1;1;Longjumeau;91160;Longjumeau;91-345;Essonne;Île-de-France;2.2943957;48.7020364;0087393611;LJU;b;;;;;48.7020364, 2.2943957
01958;Vauboyen;Vauboyen;Oui;Non;AG Ile-de-France;REGION DE PARIS RIVE GAUCHE;;;1;1;Vauboyen;78350;Jouy-en-Josas;78-322;Yvelines;Île-de-France;2.192119;48.7590575;0087393538;VBO;b;;;;;48.7590575, 2.192119
01966;Orgerus - Béhoust;Orgerus - Béhoust;Oui;Non;AG Ile-de-France;REGION DE PARIS RIVE GAUCHE;;;1;1;Orgerus - Béhoust;78910;Orgerus;78-465;Yvelines;Île-de-France;1.7028344;48.8267809;0087393447;OGB;b;;;;;48.8267809, 1.7028344
01974;Rambouillet;Rambouillet;Oui;Non;AG Ile-de-France;REGION DE PARIS RIVE GAUCHE;;;1;1;Rambouillet;78120;Rambouillet;78-517;Yvelines;Île-de-France;1.83154;48.64377;0087393314;RBT;b;;;;;48.64377, 1.83154
01979;La Verrière;La Verrière;Oui;Non;AG Ile-de-France;REGION DE PARIS RIVE GAUCHE;;;1;1;La Verrière;78320;Verrière;78-644;Yvelines;Île-de-France;1.943674;48.7556954;0087393256;VYL;b;;;;;48.7556954, 1.943674
01983;Chaville - Vélizy;Chaville - Vélizy;Oui;Non;AG Ile-de-France;REGION DE PARIS RIVE GAUCHE;;;1;1;Chaville - Vélizy;92370;Viroflay;78-686;Yvelines;Île-de-France;2.1845267;48.7998005;0087393173;CHV;b;;;;;48.7998005, 2.1845267
01985;Versailles Château Rive Gauche;Versailles Château Rive Gauche;Oui;Non;AG Ile-de-France;REGION DE PARIS RIVE GAUCHE;;;1;1;Versailles Château Rive Gauche;78000;Versailles;78-646;Yvelines;Île-de-France;2.1288274;48.8003635;0087393157;VRG;b;;;;;48.8003635, 2.1288274
01991;Javel;Javel;Oui;Non;AG Ile-de-France;REGION DE PARIS RIVE GAUCHE;;;1;1;Javel;75015;Paris;75-056;Paris;Île-de-France;2.2768401;48.8462046;0087393066;JVL;b;;;;;48.8462046, 2.2768401
01992;Champ de Mars Tour Eiffel;Champ de Mars Tour Eiffel;Oui;Non;AG Ile-de-France;REGION DE PARIS RIVE GAUCHE;;;1;1;Champ de Mars Tour Eiffel;75015;Paris;75-056;Paris;Île-de-France;2.2892141;48.8551134;0087393058;CPM;b;;;;;48.8551134, 2.2892141
01999;Paris Montparnasse;Paris Montparnasse;Oui;Non;AG Ile-de-France;REGION DE PARIS RIVE GAUCHE;UG Montparnasse;;2;1;Paris Montparnasse Hall 1 & 2;75015;Paris;75-056;Paris;Île-de-France;2.320514;48.841172;0087391003;PMP;a;3;;;;48.841172, 2.320514
02011;Vernouillet - Verneuil;Vernouillet - Verneuil;Oui;Non;AG Ile-de-France;REGION DE PARIS SAINT-LAZARE;;;1;1;Vernouillet - Verneuil;78480;Verneuil-sur-Seine;78-642;Yvelines;Île-de-France;1.9828731;48.9811884;0087386656;VET;b;;;;;48.9811884, 1.9828731
02017;Houilles - Carrières-sur-Seine;Houilles - Carrières-sur-Seine;Oui;Non;AG Ile-de-France;REGION DE PARIS SAINT-LAZARE;;;1;1;Houilles - Carrières-sur-Seine;78800;Houilles;78-311;Yvelines;Île-de-France;2.1850828;48.9199636;0087386409;HAR;b;;;;;48.9199636, 2.1850828
02023;Massy - Verrières;Massy - Verrières;Oui;Non;AG Ile-de-France;REGION DE PARIS RIVE GAUCHE;;;1;1;Massy - Verrières;91300;Massy;91-377;Essonne;Île-de-France;2.2736721;48.7343097;0087383281;MVW;b;;;;;48.7343097, 2.2736721
02024;Viroflay Rive Droite;Viroflay Rive Droite;Oui;Non;AG Ile-de-France;REGION DE PARIS SAINT-LAZARE;;;1;1;Viroflay Rive Droite;78220;Viroflay;78-686;Yvelines;Île-de-France;2.1683208;48.8056695;0087382887;VFD;b;;;;;48.8056695, 2.1683208
02026;Versailles Rive Droite;Versailles Rive Droite;Oui;Non;AG Ile-de-France;REGION DE PARIS SAINT-LAZARE;;;1;1;Versailles Rive Droite;78000;Versailles;78-646;Yvelines;Île-de-France;2.1347523;48.8096525;0087382861;VRD;b;;;;;48.8096525, 2.1347523
02048;Cergy Préfecture;Cergy Préfecture;Oui;Non;AG Ile-de-France;REGION DE PARIS SAINT-LAZARE;;;1;1;Cergy Préfecture;95800;Cergy;95-127;Val-d'Oise;Île-de-France;2.07982;49.03639;0087381905;CYP;b;;;;;49.03639, 2.07982
02050;Herblay;Herblay;Oui;Non;AG Ile-de-France;REGION DE PARIS SAINT-LAZARE;;;1;1;Herblay;95220;Herblay;95-306;Val-d'Oise;Île-de-France;2.16208;48.99042;0087381889;HRY;b;;;;;48.99042, 2.16208
02053;Argenteuil;Argenteuil;Oui;Non;AG Ile-de-France;REGION DE PARIS SAINT-LAZARE;;;1;1;Argenteuil;95100;Argenteuil;95-018;Val-d'Oise;Île-de-France;2.25727;48.94686;0087381848;ARW;b;;;;;48.94686, 2.25727
02062;Achères Ville;Achères Ville;Oui;Non;AG Ile-de-France;REGION DE PARIS SAINT-LAZARE;;;1;1;Achères Ville;78260;Achères;78-005;Yvelines;Île-de-France;2.07739;48.97011;0087381657;ACW;b;;;;;48.97011, 2.07739
02070;Juziers;Juziers;Oui;Non;AG Ile-de-France;REGION DE PARIS SAINT-LAZARE;;;1;1;Juziers;78820;Juziers;78-327;Yvelines;Île-de-France;1.84579;48.99244;0087381558;JUZ;b;;;;;48.99244, 1.84579
00753;Paris Gare de Lyon;Paris Gare de Lyon;Oui;Non;AG Ile-de-France;REGION DE PARIS-SUD-EST;UG Paris-Lyon;;2;1;Paris Gare de Lyon Hall 1 & 2;75012;Paris;75-056;Paris;Île-de-France;2.373520;48.844888;0087686006;PLY;a;3;;;;48.844888, 2.37352
00753;Paris Gare de Lyon;Paris Gare de Lyon;Oui;Non;AG Ile-de-France;REGION DE PARIS-SUD-EST;UG Paris-Lyon;;2;2;Paris Gare de Lyon Souterrain;75012;Paris;75-056;Paris;Île-de-France;2.373520;48.844888;0087686030;PAA;b;2;;;;48.844888, 2.37352
00755;Boigneville;Boigneville;Oui;Non;AG Ile-de-France;REGION DE PARIS-SUD-EST;;;1;1;Boigneville;91720;Boigneville;91-069;Essonne;Île-de-France;2.3789793;48.342078;0087684407;BWI;c;;;;;48.342078, 2.3789793
00764;Montigny-sur-Loing;Montigny-sur-Loing;Oui;Non;AG Ile-de-France;REGION DE PARIS-SUD-EST;;;1;1;Montigny-sur-Loing;77690;Montigny-sur-Loing;77-312;Seine-et-Marne;Île-de-France;2.738561;48.336610;0087684100;MKN;b;;;;;48.33661, 2.738561
00793;Ponthierry - Pringy;Ponthierry - Pringy;Oui;Non;AG Ile-de-France;REGION DE PARIS-SUD-EST;;;1;1;Ponthierry - Pringy;77310;Saint-Fargeau-Ponthierry;77-407;Seine-et-Marne;Île-de-France;2.544590;48.534933;0087682526;POP;b;;;;;48.534933, 2.54459
00801;Fontaine-le-Port;Fontaine-le-Port;Oui;Non;AG Ile-de-France;REGION DE PARIS-SUD-EST;;;1;1;Fontaine-le-Port;77590;Fontaine-le-Port;77-188;Seine-et-Marne;Île-de-France;2.7514043;48.4871358;0087682427;FPO;c;;;;;48.4871358, 2.7514043
00811;Le Mée;Le Mée;Oui;Non;AG Ile-de-France;REGION DE PARIS-SUD-EST;;;1;1;Le Mée;77350;Mée-sur-Seine;77-285;Seine-et-Marne;Île-de-France;2.624116;48.540086;0087682179;WEE;b;;;;;48.540086, 2.624116
00819;Melun;Melun;Oui;Non;AG Ile-de-France;REGION DE PARIS-SUD-EST;;;1;1;Melun;77000;Melun;77-288;Seine-et-Marne;Île-de-France;2.655404;48.527662;0087682005;MEL;b;;;;;48.527662, 2.655404
00821;Villeneuve-Saint-Georges;Villeneuve-Saint-Georges;Oui;Non;AG Ile-de-France;REGION DE PARIS-SUD-EST;;;1;1;Villeneuve-Saint-Georges;94190;Villeneuve-Saint-Georges;94-078;Val-de-Marne;Île-de-France;2.446011;48.730113;0087681825;VSB;b;;;;;48.730113, 2.446011
00824;Le Plessis Chenet;Le Plessis Chenet;Oui;Non;AG Ile-de-France;REGION DE PARIS-SUD-EST;;;1;1;Le Plessis Chenet;91830;Coudray-Montceaux;91-179;Essonne;Île-de-France;2.479586;48.5735652;0087681627;IBM;c;;;;;48.5735652, 2.479586
00825;Villabé;Villabé;Oui;Non;AG Ile-de-France;REGION DE PARIS-SUD-EST;;;1;1;Villabé;91100;Villabé;91-659;Essonne;Île-de-France;2.461572;48.592637;0087681619;VBV;b;;;;;48.592637, 2.461572
00827;Buno - Gironville;Buno - Gironville;Oui;Non;AG Ile-de-France;REGION DE PARIS-SUD-EST;;;1;1;Buno - Gironville;91720;Buno-Bonnevaux;91-121;Essonne;Île-de-France;2.3871153;48.370847;0087681510;BQV;c;;;;;48.370847, 2.3871153
00830;La Ferté-Alais;La Ferté-Alais;Oui;Non;AG Ile-de-France;REGION DE PARIS-SUD-EST;;;1;1;La Ferté-Alais;91590;Ferté-Alais;91-232;Essonne;Île-de-France;2.351610;48.484876;0087681452;LFA;b;;;;;48.484876, 2.35161
00831;Ballancourt;Ballancourt;Oui;Non;AG Ile-de-France;REGION DE PARIS-SUD-EST;;;1;1;Ballancourt;91610;Ballancourt-sur-Essonne;91-045;Essonne;Île-de-France;2.371274;48.532114;0087681437;BUR;b;;;;;48.532114, 2.371274
00836;Grigny Centre;Grigny Centre;Oui;Non;AG Ile-de-France;REGION DE PARIS-SUD-EST;;;1;1;Grigny Centre;91350;Grigny;91-286;Essonne;Île-de-France;2.395797;48.653430;0087681379;GGG;b;;;;;48.65343, 2.395797
00842;Vigneux-sur-Seine;Vigneux-sur-Seine;Oui;Non;AG Ile-de-France;REGION DE PARIS-SUD-EST;;;1;1;Vigneux-sur-Seine;91270;Vigneux-sur-Seine;91-657;Essonne;Île-de-France;2.41446;48.70816;0087681304;VGS;b;;;;;48.70816, 2.41446
00844;Maisons-Alfort - Alfortville;Maisons-Alfort - Alfortville;Oui;Non;AG Ile-de-France;REGION DE PARIS-SUD-EST;;;1;1;Maisons-Alfort - Alfortville;94700;Alfortville;94-002;Val-de-Marne;Île-de-France;2.426977;48.802071;0087681155;MFA;b;;;;;48.802071, 2.426977
02086;Santeuil - Le Perchay;Santeuil - Le Perchay;Oui;Non;AG Ile-de-France;REGION DE PARIS SAINT-LAZARE;;;1;1;Santeuil - Le Perchay;95640;Santeuil;95-584;Val-d'Oise;Île-de-France;1.94893;49.12416;0087381186;XPY;c;;;;;49.12416, 1.94893
02088;Montgeroult - Courcelles;Montgeroult - Courcelles;Oui;Non;AG Ile-de-France;REGION DE PARIS SAINT-LAZARE;;;1;1;Montgeroult - Courcelles;95650;Montgeroult;95-422;Val-d'Oise;Île-de-France;2.0034959;49.0805828;0087381160;MKU;c;;;;;49.0805828, 2.0034959
02095;Colombes;Colombes;Oui;Non;AG Ile-de-France;REGION DE PARIS SAINT-LAZARE;;;1;1;Colombes;92700;Colombes;92-025;Hauts-de-Seine;Île-de-France;2.25939;48.92383;0087381087;CBK;b;;;;;48.92383, 2.25939
02098;Avenue Foch;Avenue Foch;Oui;Non;AG Ile-de-France;REGION DE PARIS RIVE GAUCHE;;;1;1;Avenue Foch;75016;Paris;75-056;Paris;Île-de-France;2.2756167;48.8709710;0087381038;AVF;b;;;;;48.870971, 2.2756167
02099;Neuilly Porte Maillot;Neuilly Porte Maillot;Oui;Non;AG Ile-de-France;REGION DE PARIS RIVE GAUCHE;;;1;1;Neuilly Porte Maillot;75017;Paris;75-056;Paris;Île-de-France;2.2845160;48.8779830;0087381020;NPT;b;;;;;48.877983, 2.284516
02194;Saint-Ouen-l'Aumône Liesse;Saint-Ouen-l'Aumône Liesse;Oui;Non;AG Ile-de-France;REGION DE PARIS-NORD;;;1;1;Saint-Ouen-l'Aumône Liesse;95310;Saint-Ouen-l'Aumône;95-572;Val-d'Oise;Île-de-France;2.1279345;49.0338707;0087337980;SOL;b;;;;;49.0338707, 2.1279345
02461;Vaucelles;Vaucelles;Oui;Non;AG Ile-de-France;REGION DE PARIS-NORD;;;1;1;Vaucelles;95150;Taverny;95-607;Val-d'Oise;Île-de-France;2.22885;49.02193;0087276626;CHD;b;;;;;49.02193, 2.22885
02474;Montsoult - Maffliers;Montsoult - Maffliers;Oui;Non;AG Ile-de-France;REGION DE PARIS-NORD;;;1;1;Montsoult - Maffliers;95560;Montsoult;95-430;Val-d'Oise;Île-de-France;2.32229;49.06611;0087276493;MSO;b;;;;;49.06611, 2.32229
02477;Bruyères-sur-Oise;Bruyères-sur-Oise;Oui;Non;AG Ile-de-France;REGION DE PARIS-NORD;;;1;1;Bruyères-sur-Oise;95820;Bruyères-sur-Oise;95-116;Val-d'Oise;Île-de-France;2.3259636;49.1552098;0087276451;BRK;c;;;;;49.1552098, 2.3259636
02493;Survilliers - Fosses;Survilliers - Fosses;Oui;Non;AG Ile-de-France;REGION DE PARIS-NORD;;;1;1;Survilliers - Fosses;95470;Fosses;95-250;Val-d'Oise;Île-de-France;2.52527;49.09961;0087276261;SUR;b;;;;;49.09961, 2.52527
02504;Pont Petit;Pont Petit;Oui;Non;AG Ile-de-France;REGION DE PARIS-NORD;;;1;1;Pont Petit;95310;Saint-Ouen-l'Aumône;95-572;Val-d'Oise;Île-de-France;2.13046;49.06004;0087276154;PPT;b;;;;;49.06004, 2.13046
02505;Épluches;Épluches;Oui;Non;AG Ile-de-France;REGION DE PARIS-NORD;;;1;1;Épluches;95310;Saint-Ouen-l'Aumône;95-572;Val-d'Oise;Île-de-France;2.1225973;49.0549329;0087276147;EPL;c;;;;;49.0549329, 2.1225973
02510;Montigny - Beauchamp;Montigny - Beauchamp;Oui;Non;AG Ile-de-France;REGION DE PARIS-NORD;;;1;1;Montigny - Beauchamp;95250;Beauchamp;95-051;Val-d'Oise;Île-de-France;2.19767;49.00758;0087276089;MBP;b;;;;;49.00758, 2.19767
02512;Cernay;Cernay;Oui;Non;AG Ile-de-France;REGION DE PARIS-NORD;;;1;1;Cernay;95120;Ermont;95-219;Val-d'Oise;Île-de-France;2.25680;48.98539;0087276063;CEJ;b;;;;;48.98539, 2.2568
02540;Villeparisis - Mitry-le-Neuf;Villeparisis - Mitry-le-Neuf;Oui;Non;AG Ile-de-France;REGION DE PARIS-NORD;;;1;1;Villeparisis - Mitry-le-Neuf;77270;Mitry-Mory;77-294;Seine-et-Marne;Île-de-France;2.60243;48.95325;0087271510;VII;b;;;;;48.95325, 2.60243
02542;Parc des Expositions;Parc des Expositions;Oui;Non;AG Ile-de-France;REGION DE PARIS-NORD;;;1;1;Parc des Expositions;93420;Villepinte;93-078;Seine-Saint-Denis;Île-de-France;2.51382;48.97334;0087271486;PEX;b;;;;;48.97334, 2.51382
02544;Aéroport Charles de Gaulle 1;Aéroport Charles de Gaulle 1;Oui;Non;AG Ile-de-France;REGION DE PARIS-NORD;;;1;1;Aéroport Charles de Gaulle 1;93290;Tremblay-en-France;93-073;Seine-Saint-Denis;Île-de-France;2.56135;49.00956;0087271460;RSY;b;;;;;49.00956, 2.56135
02545;Villepinte;Villepinte;Oui;Non;AG Ile-de-France;REGION DE PARIS-NORD;;;1;1;Villepinte;93420;Villepinte;93-078;Seine-Saint-Denis;Île-de-France;2.51205;48.96292;0087271452;VPN;b;;;;;48.96292, 2.51205
02546;Sevran Beaudottes;Sevran Beaudottes;Oui;Non;AG Ile-de-France;REGION DE PARIS-NORD;;;1;1;Sevran Beaudottes;93270;Sevran;93-071;Seine-Saint-Denis;Île-de-France;2.52474;48.94743;0087271445;BDE;b;;;;;48.94743, 2.52474
02548;Sevran - Livry;Sevran - Livry;Oui;Non;AG Ile-de-France;REGION DE PARIS-NORD;;;1;1;Sevran - Livry;93270;Sevran;93-071;Seine-Saint-Denis;Île-de-France;2.53484;48.93601;0087271429;SEV;b;;;;;48.93601, 2.53484
02561;Paris Gare du Nord;Paris Gare du Nord;Oui;Non;AG Ile-de-France;REGION DE PARIS-NORD;UG Paris-Nord;;4;2;Paris Gare du Nord Surface Banlieue;75010;Paris;75-056;Paris;Île-de-France;2.355151;48.880185;0087271031;PNO_TRANS;a;2;;;;48.880185, 2.355151
02561;Paris Gare du Nord;Paris Gare du Nord;Oui;Non;AG Ile-de-France;REGION DE PARIS-NORD;UG Paris-Nord;;4;3;Paris Gare du Nord Souterrain;75010;Paris;75-056;Paris;Île-de-France;2.355151;48.880185;0087271023;GDS;b;2;;;;48.880185, 2.355151
02907;Stade de France Saint-Denis;Stade de France Saint-Denis;Oui;Non;AG Ile-de-France;REGION DE PARIS-NORD;;;1;1;Stade de France Saint-Denis;93200;Saint-Denis;93-066;Seine-Saint-Denis;Île-de-France;2.35134;48.91779;0087164780;SFD;b;;;;;48.91779, 2.35134
03010;Crécy-la-Chapelle;Crécy-la-Chapelle;Oui;Non;AG Ile-de-France;REGION DE PARIS-EST;;;1;1;Crécy-la-Chapelle;77580;Crécy-la-Chapelle;77-142;Seine-et-Marne;Île-de-France;2.905748;48.859391;0087116772;CLC;b;;;;;48.859391, 2.905748
03018;Lizy-sur-Ourcq;Lizy-sur-Ourcq;Oui;Non;AG Ile-de-France;REGION DE PARIS-EST;;;1;1;Lizy-sur-Ourcq;77440;Lizy-sur-Ourcq;77-257;Seine-et-Marne;Île-de-France;3.031718;49.021929;0087116632;LZO;b;;;;;49.021929, 3.031718
03025;Changis - Saint-Jean;Changis - Saint-Jean;Oui;Non;AG Ile-de-France;REGION DE PARIS-EST;;;1;1;Changis - Saint-Jean;77660;Changis-sur-Marne;77-084;Seine-et-Marne;Île-de-France;3.025394;48.959360;0087116509;CJN;b;;;;;48.95936, 3.025394
03027;Montry - Condé;Montry - Condé;Oui;Non;AG Ile-de-France;REGION DE PARIS-EST;;;1;1;Montry - Condé;77450;Montry;77-315;Seine-et-Marne;Île-de-France;2.8262345;48.8908268;0087116400;MYD;c;;;;;48.8908268, 2.8262345
03029;Lagny - Thorigny;Lagny - Thorigny;Oui;Non;AG Ile-de-France;REGION DE PARIS-EST;;;1;1;Lagny - Thorigny;77400;Thorigny-sur-Marne;77-464;Seine-et-Marne;Île-de-France;2.70404228;48.88218325;0087116319;LGY;b;;;;;48.88218325, 2.70404228
03036;Marles-en-Brie;Marles-en-Brie;Oui;Non;AG Ile-de-France;REGION DE PARIS-EST;;;1;1;Marles-en-Brie;77610;Houssaye-en-Brie;77-229;Seine-et-Marne;Île-de-France;2.868099;48.733976;0087116228;MLB;b;;;;;48.733976, 2.868099
03041;Chelles - Gournay;Chelles - Gournay;Oui;Non;AG Ile-de-France;REGION DE PARIS-EST;;;1;1;Chelles - Gournay;77500;Chelles;77-108;Seine-et-Marne;Île-de-France;2.582484;48.874128;0087116111;CSG;b;;;;;48.874128, 2.582484
03044;Mormant;Mormant;Oui;Non;AG Ile-de-France;REGION DE PARIS-EST;;;1;1;Mormant;77720;Mormant;77-317;Seine-et-Marne;Île-de-France;2.888810;48.613564;0087116087;MRT;b;;;;;48.613564, 2.88881
03049;Gretz-Armainvilliers;Gretz-Armainvilliers;Oui;Non;AG Ile-de-France;REGION DE PARIS-EST;;;1;1;Gretz-Armainvilliers;77220;Gretz-Armainvilliers;77-215;Seine-et-Marne;Île-de-France;2.728824;48.745440;0087116012;GZT;b;;;;;48.74544, 2.728824
03052;L'Abbaye;L'Abbaye;Oui;Non;AG Ile-de-France;REGION DE PARIS-EST;;;1;1;L'Abbaye;93190;Livry-Gargan;93-046;Seine-Saint-Denis;Île-de-France;2.516874;48.922211;0087113886;ABJ;b;;;;;48.922211, 2.516874
03066;Le Raincy - Villemomble - Montfermeil;Le Raincy - Villemomble - Montfermeil;Oui;Non;AG Ile-de-France;REGION DE PARIS-EST;;;1;1;Le Raincy - Villemomble - Montfermeil;93340;Raincy;93-062;Seine-Saint-Denis;Île-de-France;2.512062;48.889325;0087113472;RVM;b;;;;;48.889325, 2.512062
03097;Paris Bercy Bourgogne - Pays d'Auvergne;Paris Bercy;Oui;Non;AG Ile-de-France;REGION DE PARIS-SUD-EST;UG Paris-Lyon;;1;1;Paris Bercy Bourgogne - Pays d'Auvergne;75012;Paris;75-056;Paris;Île-de-France;2.38278;48.83917;0087686667;PBY;a;3;;;;48.83917, 2.38278
01945;Massy TGV;Massy TGV;Oui;Non;AG Ile-de-France;REGION DE PARIS RIVE GAUCHE;UG Montparnasse;;1;1;Massy TGV;91300;Massy;91-377;Essonne;Île-de-France;2.261254;48.725758;0087393702;MPW;a;2;;;;48.725758, 2.261254
01947;Gravigny Balizy;Gravigny Balizy;Oui;Non;AG Ile-de-France;REGION DE PARIS RIVE GAUCHE;;;1;1;Gravigny Balizy;91160;Longjumeau;91-345;Essonne;Île-de-France;2.317846;48.6851718;0087393645;GBI;b;;;;;48.6851718, 2.317846
01971;Beynes;Beynes;Oui;Non;AG Ile-de-France;REGION DE PARIS RIVE GAUCHE;;;1;1;Beynes;78650;Beynes;78-062;Yvelines;Île-de-France;1.8755696;48.8593599;0087393363;BYS;b;;;;;48.8593599, 1.8755696
01975;Issy Val de Seine;Issy Val de Seine;Oui;Non;AG Ile-de-France;REGION DE PARIS RIVE GAUCHE;;;1;1;Issy Val de Seine;92130;Issy-les-Moulineaux;92-040;Hauts-de-Seine;Île-de-France;2.2635936;48.8295555;0087393306;ISP;b;;;;;48.8295555, 2.2635936
01982;Chaville Rive Gauche;Chaville Rive Gauche;Oui;Non;AG Ile-de-France;REGION DE PARIS RIVE GAUCHE;;;1;1;Chaville Rive Gauche;92370;Chaville;92-022;Hauts-de-Seine;Île-de-France;2.1882472;48.8047497;0087393207;CVI;b;;;;;48.8047497, 2.1882472
01987;Bellevue;Bellevue;Oui;Non;AG Ile-de-France;REGION DE PARIS RIVE GAUCHE;;;1;1;Bellevue;92360;Meudon;92-048;Hauts-de-Seine;Île-de-France;2.2296743;48.8190033;0087393116;BLU;b;;;;;48.8190033, 2.2296743
02007;Épône - Mézières;Épône - Mézières;Oui;Non;AG Ile-de-France;REGION DE PARIS SAINT-LAZARE;;;1;1;Épône - Mézières;78680;Épône;78-217;Yvelines;Île-de-France;1.8085932;48.9631225;0087386763;EPO;b;;;;;48.9631225, 1.8085932
02018;Nanterre Université;Nanterre Université;Oui;Non;AG Ile-de-France;REGION DE PARIS SAINT-LAZARE;;;1;1;Nanterre Université;92000;Nanterre;92-050;Hauts-de-Seine;Île-de-France;2.2158277;48.90122;0087386318;NUN;b;;;;;48.90122, 2.2158277
02029;Cergy le Haut;Cergy le Haut;Oui;Non;AG Ile-de-France;REGION DE PARIS SAINT-LAZARE;;;1;1;Cergy le Haut;95800;Cergy;95-127;Val-d'Oise;Île-de-France;2.0118725;49.0484932;0087382655;CJV;b;;;;;49.0484932, 2.0118725
02033;Marly-le-Roi;Marly-le-Roi;Oui;Non;AG Ile-de-France;REGION DE PARIS SAINT-LAZARE;;;1;1;Marly-le-Roi;78160;Marly-le-Roi;78-372;Yvelines;Île-de-France;2.0965436;48.8713084;0087382465;MLR;b;;;;;48.8713084, 2.0965436
02041;Sèvres - Ville-d'Avray;Sèvres - Ville-d'Avray;Oui;Non;AG Ile-de-France;REGION DE PARIS SAINT-LAZARE;;;1;1;Sèvres - Ville-d'Avray;92310;Sèvres;92-072;Hauts-de-Seine;Île-de-France;2.20051;48.82746;0087382341;VDV;b;;;;;48.82746, 2.20051
02051;La Frette - Montigny;La Frette - Montigny;Oui;Non;AG Ile-de-France;REGION DE PARIS SAINT-LAZARE;;;1;1;La Frette - Montigny;95530;Frette-sur-Seine;95-257;Val-d'Oise;Île-de-France;2.18019;48.98035;0087381871;FMY;b;;;;;48.98035, 2.18019
02052;Cormeilles-en-Parisis;Cormeilles-en-Parisis;Oui;Non;AG Ile-de-France;REGION DE PARIS SAINT-LAZARE;;;1;1;Cormeilles-en-Parisis;95240;Cormeilles-en-Parisis;95-176;Val-d'Oise;Île-de-France;2.19358;48.96864;0087381863;CPA;b;;;;;48.96864, 2.19358
02056;Vaux-sur-Seine;Vaux-sur-Seine;Oui;Non;AG Ile-de-France;REGION DE PARIS SAINT-LAZARE;;;1;1;Vaux-sur-Seine;78740;Vaux-sur-Seine;78-638;Yvelines;Île-de-France;1.96342;49.00699;0087381814;VXS;b;;;;;49.00699, 1.96342
02061;Mareil-sur-Mauldre;Mareil-sur-Mauldre;Oui;Non;AG Ile-de-France;REGION DE PARIS SAINT-LAZARE;;;1;1;Mareil-sur-Mauldre;78124;Mareil-sur-Mauldre;78-368;Yvelines;Île-de-France;1.8715159;48.8936804;0087381715;MJM;c;;;;;48.8936804, 1.8715159
02068;Issou - Porcheville;Issou - Porcheville;Oui;Non;AG Ile-de-France;REGION DE PARIS SAINT-LAZARE;;;1;1;Issou - Porcheville;78440;Issou;78-314;Yvelines;Île-de-France;1.78532;48.97931;0087381574;IPO;b;;;;;48.97931, 1.78532
02072;Andrésy;Andrésy;Oui;Non;AG Ile-de-France;REGION DE PARIS SAINT-LAZARE;;;1;1;Andrésy;78570;Andrésy;78-015;Yvelines;Île-de-France;2.04928;48.97470;0087381491;ACY;b;;;;;48.9747, 2.04928
02074;Chanteloup-les-Vignes;Chanteloup-les-Vignes;Oui;Non;AG Ile-de-France;REGION DE PARIS SAINT-LAZARE;;;1;1;Chanteloup-les-Vignes;78570;Chanteloup-les-Vignes;78-138;Yvelines;Île-de-France;2.02771;48.97095;0087381475;CVF;b;;;;;48.97095, 2.02771
00763;Bourron-Marlotte - Grez;Bourron-Marlotte - Grez;Oui;Non;AG Ile-de-France;REGION DE PARIS-SUD-EST;;;1;1;Bourron-Marlotte - Grez;77780;Bourron-Marlotte;77-048;Seine-et-Marne;Île-de-France;2.6924552;48.3326884;0087684118;BOM;c;;;;;48.3326884, 2.6924552
00794;Boissise-le-Roi;Boissise-le-Roi;Oui;Non;AG Ile-de-France;REGION DE PARIS-SUD-EST;;;1;1;Boissise-le-Roi;77310;Boissise-le-Roi;77-040;Seine-et-Marne;Île-de-France;2.572953;48.529319;0087682518;BKR;b;;;;;48.529319, 2.572953
00798;Champagne-sur-Seine;Champagne-sur-Seine;Oui;Non;AG Ile-de-France;REGION DE PARIS-SUD-EST;;;1;1;Champagne-sur-Seine;77430;Champagne-sur-Seine;77-079;Seine-et-Marne;Île-de-France;2.799184;48.406531;0087682450;CME;b;;;;;48.406531, 2.799184
00805;Saint-Mammès;Saint-Mammès;Oui;Non;AG Ile-de-France;REGION DE PARIS-SUD-EST;;;1;1;Saint-Mammès;77670;Saint-Mammès;77-419;Seine-et-Marne;Île-de-France;2.815930;48.382171;0087682294;SFI;b;;;;;48.382171, 2.81593
00808;Fontainebleau - Avon;Fontainebleau - Avon;Oui;Non;AG Ile-de-France;REGION DE PARIS-SUD-EST;;;1;1;Fontainebleau - Avon;77210;Avon;77-014;Seine-et-Marne;Île-de-France;2.726340;48.416371;0087682211;FON;b;;;;;48.416371, 2.72634
00812;Cesson;Cesson;Oui;Non;AG Ile-de-France;REGION DE PARIS-SUD-EST;;;1;1;Cesson;77240;Cesson;77-067;Seine-et-Marne;Île-de-France;2.59380;48.56563;0087682161;CES;b;;;;;48.56563, 2.5938
00814;Combs-la-Ville - Quincy;Combs-la-Ville - Quincy;Oui;Non;AG Ile-de-France;REGION DE PARIS-SUD-EST;;;1;1;Combs-la-Ville - Quincy;77380;Combs-la-Ville;77-122;Seine-et-Marne;Île-de-France;2.547798;48.667179;0087682146;CBV;b;;;;;48.667179, 2.547798
00817;Yerres;Yerres;Oui;Non;AG Ile-de-France;REGION DE PARIS-SUD-EST;;;1;1;Yerres;91330;Yerres;91-691;Essonne;Île-de-France;2.483370;48.706759;0087682112;YES;b;;;;;48.706759, 2.48337
00828;Maisse;Maisse;Oui;Non;AG Ile-de-France;REGION DE PARIS-SUD-EST;;;1;1;Maisse;91720;Maisse;91-359;Essonne;Île-de-France;2.393120;48.393040;0087681486;MSN;b;;;;;48.39304, 2.39312
00829;Boutigny;Boutigny;Oui;Non;AG Ile-de-France;REGION DE PARIS-SUD-EST;;;1;1;Boutigny;91820;Boutigny-sur-Essonne;91-099;Essonne;Île-de-France;2.376360;48.434950;0087681478;BJN;b;;;;;48.43495, 2.37636
00832;Mennecy;Mennecy;Oui;Non;AG Ile-de-France;REGION DE PARIS-SUD-EST;;;1;1;Mennecy;91540;Mennecy;91-386;Essonne;Île-de-France;2.4331650;48.5709075;0087681411;MNY;b;;;;;48.5709075, 2.433165
00835;Évry - Courcouronnes;Évry - Courcouronnes;Oui;Non;AG Ile-de-France;REGION DE PARIS-SUD-EST;;;1;1;Évry - Courcouronnes;91000;Évry;91-228;Essonne;Île-de-France;2.428581;48.625507;0087681387;EVC;b;;;;;48.625507, 2.428581
00841;Viry-Châtillon;Viry-Châtillon;Oui;Non;AG Ile-de-France;REGION DE PARIS-SUD-EST;;;1;1;Viry-Châtillon;91170;Viry-Châtillon;91-687;Essonne;Île-de-France;2.386391;48.676182;0087681312;VWC;b;;;;;48.676182, 2.386391
00843;Le Vert de Maisons;Le Vert de Maisons;Oui;Non;AG Ile-de-France;REGION DE PARIS-SUD-EST;;;1;1;Le Vert de Maisons;94700;Maisons-Alfort;94-046;Val-de-Marne;Île-de-France;2.43148;48.78934;0087681247;VDP;b;;;;;48.78934, 2.43148
01437;Chemin d'Antony;Chemin d'Antony;Oui;Non;AG Ile-de-France;REGION DE PARIS RIVE GAUCHE;;;1;1;Chemin d'Antony;92160;Antony;92-002;Hauts-de-Seine;Île-de-France;2.3126207;48.7481430;0087546317;CHQ;b;;;;;48.748143, 2.3126207
01451;Breuillet - Bruyères-le-Châtel;Breuillet - Bruyères-le-Châtel;Oui;Non;AG Ile-de-France;REGION DE PARIS RIVE GAUCHE;;;1;1;Breuillet - Bruyères-le-Châtel;91650;Breuillet;91-105;Essonne;Île-de-France;2.191721;48.577228;0087545483;BIH;b;;;;;48.577228, 2.191721
01453;Arpajon;Arpajon;Oui;Non;AG Ile-de-France;REGION DE PARIS RIVE GAUCHE;;;1;1;Arpajon;91290;Arpajon;91-021;Essonne;Île-de-France;2.24112;48.58617;0087545467;ARP;b;;;;;48.58617, 2.24112
01456;Ivry-sur-Seine;Ivry-sur-Seine;Oui;Non;AG Ile-de-France;REGION DE PARIS RIVE GAUCHE;;;1;1;Ivry-sur-Seine;94200;Ivry-sur-Seine;94-041;Val-de-Marne;Île-de-France;2.390990;48.814371;0087545301;IVN;b;;;;;48.814371, 2.39099
01458;Choisy-le-Roi;Choisy-le-Roi;Oui;Non;AG Ile-de-France;REGION DE PARIS RIVE GAUCHE;;;1;1;Choisy-le-Roi;94600;Choisy-le-Roi;94-022;Val-de-Marne;Île-de-France;2.411102;48.763974;0087545285;CLR;b;;;;;48.763974, 2.411102
01460;Ablon;Ablon;Oui;Non;AG Ile-de-France;REGION DE PARIS RIVE GAUCHE;;;1;1;Ablon;94480;Ablon-sur-Seine;94-001;Val-de-Marne;Île-de-France;2.419151;48.725468;0087545269;ABL;b;;;;;48.725468, 2.419151
01471;Chamarande;Chamarande;Oui;Non;AG Ile-de-France;REGION DE PARIS RIVE GAUCHE;;;1;1;Chamarande;91730;Chamarande;91-132;Essonne;Île-de-France;2.215854;48.514244;0087545152;CHK;b;;;;;48.514244, 2.215854
01479;Boulainvilliers;Boulainvilliers;Oui;Non;AG Ile-de-France;REGION DE PARIS RIVE GAUCHE;;;1;1;Boulainvilliers;75016;Paris;75-056;Paris;Île-de-France;2.275149;48.856450;0087543181;BWR;b;;;;;48.85645, 2.275149
01494;Dourdan la Forêt;Dourdan la Forêt;Oui;Non;AG Ile-de-France;REGION DE PARIS RIVE GAUCHE;;;1;1;Dourdan la Forêt;91410;Dourdan;91-200;Essonne;Île-de-France;1.994908;48.535314;0087540179;DAQ;b;;;;;48.535314, 1.994908
01828;Rougemont Chanteloup;Rougemont Chanteloup;Oui;Non;AG Ile-de-France;REGION DE PARIS-EST;;;1;1;Rougemont Chanteloup;93270;Sevran;93-071;Seine-Saint-Denis;Île-de-France;2.515020;48.930895;0087431791;ROU;b;;;;;48.930895, 2.51502
02077;Éragny - Neuville;Éragny - Neuville;Oui;Non;AG Ile-de-France;REGION DE PARIS SAINT-LAZARE;;;1;1;Éragny - Neuville;95610;Éragny;95-218;Val-d'Oise;Île-de-France;2.09104;49.01824;0087381418;ERA;b;;;;;49.01824, 2.09104
02087;Us;Us;Oui;Non;AG Ile-de-France;REGION DE PARIS SAINT-LAZARE;;;1;1;Us;95450;Us;95-625;Val-d'Oise;Île-de-France;1.97076;49.09969;0087381178;USQ;b;;;;;49.09969, 1.97076
02091;Asnières-sur-Seine;Asnières-sur-Seine;Oui;Non;AG Ile-de-France;REGION DE PARIS SAINT-LAZARE;;;1;1;Asnières-sur-Seine;92600;Asnières-sur-Seine;92-004;Hauts-de-Seine;Île-de-France;2.28324;48.90580;0087381137;AEE;b;;;;;48.9058, 2.28324
02096;Bois-Colombes;Bois-Colombes;Oui;Non;AG Ile-de-France;REGION DE PARIS SAINT-LAZARE;;;1;1;Bois-Colombes;92270;Bois-Colombes;92-009;Hauts-de-Seine;Île-de-France;2.27256;48.91348;0087381079;BCO;b;;;;;48.91348, 2.27256
02427;Magenta;Magenta;Oui;Non;AG Ile-de-France;REGION DE PARIS-EST;;;1;1;Magenta;75010;Paris;75-056;Paris;Île-de-France;2.35835;48.87986;0087281873;MAG;b;;;;;48.87986, 2.35835
02456;Mériel;Mériel;Oui;Non;AG Ile-de-France;REGION DE PARIS-NORD;;;1;1;Mériel;95630;Mériel;95-392;Val-d'Oise;Île-de-France;2.20528;49.07777;0087276675;MVC;b;;;;;49.07777, 2.20528
02457;Méry-sur-Oise;Méry-sur-Oise;Oui;Non;AG Ile-de-France;REGION DE PARIS-NORD;;;1;1;Méry-sur-Oise;95540;Méry-sur-Oise;95-394;Val-d'Oise;Île-de-France;2.19074;49.05766;0087276667;MWO;b;;;;;49.05766, 2.19074
02458;Frépillon;Frépillon;Oui;Non;AG Ile-de-France;REGION DE PARIS-NORD;;;1;1;Frépillon;95740;Frépillon;95-256;Val-d'Oise;Île-de-France;2.19717;49.04620;0087276659;FPN;b;;;;;49.0462, 2.19717
02464;Gros Noyer Saint-Prix;Gros Noyer Saint-Prix;Oui;Non;AG Ile-de-France;REGION DE PARIS-NORD;;;1;1;Gros Noyer Saint-Prix;95120;Ermont;95-219;Val-d'Oise;Île-de-France;2.25880;48.99682;0087276592;GNE;b;;;;;48.99682, 2.2588
02467;Viarmes;Viarmes;Oui;Non;AG Ile-de-France;REGION DE PARIS-NORD;;;1;1;Viarmes;95270;Viarmes;95-652;Val-d'Oise;Île-de-France;2.36838;49.11692;0087276568;VCX;b;;;;;49.11692, 2.36838
02471;L'Isle-Adam - Parmain;L'Isle-Adam - Parmain;Oui;Non;AG Ile-de-France;REGION DE PARIS-NORD;;;1;1;L'Isle-Adam - Parmain;95290;Parmain;95-480;Val-d'Oise;Île-de-France;2.20976;49.11482;0087276527;IAP;b;;;;;49.11482, 2.20976
02479;Domont;Domont;Oui;Non;AG Ile-de-France;REGION DE PARIS-NORD;;;1;1;Domont;95330;Domont;95-199;Val-d'Oise;Île-de-France;2.33746;49.03268;0087276436;DMO;b;;;;;49.03268, 2.33746
02485;Groslay;Groslay;Oui;Non;AG Ile-de-France;REGION DE PARIS-NORD;;;1;1;Groslay;95410;Groslay;95-288;Val-d'Oise;Île-de-France;2.35358;48.98462;0087276360;GNX;b;;;;;48.98462, 2.35358
02500;Garges - Sarcelles;Garges - Sarcelles;Oui;Non;AG Ile-de-France;REGION DE PARIS-NORD;;;1;1;Garges - Sarcelles;95140;Garges-lès-Gonesse;95-268;Val-d'Oise;Île-de-France;2.39078;48.97663;0087276196;GAJ;b;;;;;48.97663, 2.39078
02511;Franconville - Le Plessis-Bouchard;Franconville - Le Plessis-Bouchard;Oui;Non;AG Ile-de-France;REGION DE PARIS-NORD;;;1;1;Franconville - Le Plessis-Bouchard;95130;Franconville;95-252;Val-d'Oise;Île-de-France;2.23514;48.99358;0087276071;FPB;b;;;;;48.99358, 2.23514
02519;Les Grésillons;Les Grésillons;Oui;Non;AG Ile-de-France;REGION DE PARIS-NORD;;;1;1;Les Grésillons;92230;Gennevilliers;92-036;Hauts-de-Seine;Île-de-France;2.31441;48.92007;0087272146;LEG;b;;;;;48.92007, 2.31441
02522;Thieux - Nantouillet;Thieux - Nantouillet;Oui;Non;AG Ile-de-France;REGION DE PARIS-NORD;;;1;1;Thieux - Nantouillet;77230;Thieux;77-462;Seine-et-Marne;Île-de-France;2.6805271;49.0084346;0087272054;TNT;c;;;;;49.0084346, 2.6805271
02541;Aéroport Charles de Gaulle 2 TGV;Aéroport Charles de Gaulle 2 TGV;Oui;Non;AG Ile-de-France;REGION DE PARIS-NORD;UG Paris-Nord;;2;1;Aéroport Charles de Gaulle 2 TGV;95700;Roissy-en-France;95-527;Val-d'Oise;Île-de-France;2.570892;49.003652;0087271494;RYT;a;3;;;;49.003652, 2.570892
02550;Drancy;Drancy;Oui;Non;AG Ile-de-France;REGION DE PARIS-NORD;;;1;1;Drancy;93700;Drancy;93-029;Seine-Saint-Denis;Île-de-France;2.45497;48.93298;0087271403;DRN;b;;;;;48.93298, 2.45497
03011;Villiers Montbarbin;Villiers Montbarbin;Oui;Non;AG Ile-de-France;REGION DE PARIS-EST;;;1;1;Villiers Montbarbin;77580;Crécy-la-Chapelle;77-142;Seine-et-Marne;Île-de-France;2.8830418;48.8632544;0087116749;VBB;c;;;;;48.8632544, 2.8830418
03024;La Ferté-sous-Jouarre;La Ferté-sous-Jouarre;Oui;Non;AG Ile-de-France;REGION DE PARIS-EST;;;1;1;La Ferté-sous-Jouarre;77260;Ferté-sous-Jouarre;77-183;Seine-et-Marne;Île-de-France;3.125577;48.950741;0087116517;LFJ;b;;;;;48.950741, 3.125577
03030;Coulommiers;Coulommiers;Oui;Non;AG Ile-de-France;REGION DE PARIS-EST;;;1;1;Coulommiers;77120;Coulommiers;77-131;Seine-et-Marne;Île-de-France;3.082250;48.808006;0087116301;CQU;b;;;;;48.808006, 3.08225
03032;Mouroux;Mouroux;Oui;Non;AG Ile-de-France;REGION DE PARIS-EST;;;1;1;Mouroux;77120;Mouroux;77-320;Seine-et-Marne;Île-de-France;3.0423421;48.8139949;0087116285;MXK;c;;;;;48.8139949, 3.0423421
03038;Sainte-Colombe Septveilles;Sainte-Colombe Septveilles;Oui;Non;AG Ile-de-France;REGION DE PARIS-EST;;;1;1;Sainte-Colombe Septveilles;77650;Sainte-Colombe;77-404;Seine-et-Marne;Île-de-France;3.25602;48.52959;0087116178;XCS;b;;;;;48.52959, 3.25602
03042;Meaux;Meaux;Oui;Non;AG Ile-de-France;REGION DE PARIS-EST;;;1;1;Meaux;77100;Meaux;77-284;Seine-et-Marne;Île-de-France;2.874041;48.957759;0087116103;MEA;b;;;;;48.957759, 2.874041
03045;Verneuil-l'Étang;Verneuil-l'Étang;Oui;Non;AG Ile-de-France;REGION DE PARIS-EST;;;1;1;Verneuil-l'Étang;77390;Verneuil-l'Étang;77-493;Seine-et-Marne;Île-de-France;2.825006;48.644689;0087116079;VNL;b;;;;;48.644689, 2.825006
03047;Roissy-en-Brie;Roissy-en-Brie;Oui;Non;AG Ile-de-France;REGION DE PARIS-EST;;;1;1;Roissy-en-Brie;77680;Roissy-en-Brie;77-390;Seine-et-Marne;Île-de-France;2.650165;48.795481;0087116038;ROB;b;;;;;48.795481, 2.650165
03048;Ozoir-la-Ferrière;Ozoir-la-Ferrière;Oui;Non;AG Ile-de-France;REGION DE PARIS-EST;;;1;1;Ozoir-la-Ferrière;77330;Ozoir-la-Ferrière;77-350;Seine-et-Marne;Île-de-France;2.689841;48.770720;0087116020;OZF;b;;;;;48.77072, 2.689841
03061;Val de Fontenay;Val de Fontenay;Oui;Non;AG Ile-de-France;REGION DE PARIS-EST;;;1;1;Val de Fontenay;94120;Fontenay-sous-Bois;94-033;Val-de-Marne;Île-de-France;2.489097;48.854238;0087113712;VDF;b;;;;;48.854238, 2.489097
03064;Le Chénay Gagny;Le Chénay Gagny;Oui;Non;AG Ile-de-France;REGION DE PARIS-EST;;;1;1;Le Chénay Gagny;93220;Gagny;93-032;Seine-Saint-Denis;Île-de-France;2.552692;48.877129;0087113522;CGG;b;;;;;48.877129, 2.552692
03065;Gagny;Gagny;Oui;Non;AG Ile-de-France;REGION DE PARIS-EST;;;1;1;Gagny;93220;Gagny;93-032;Seine-Saint-Denis;Île-de-France;2.527106;48.883125;0087113514;GNQ;b;;;;;48.883125, 2.527106
03070;Paris Est;Paris Est;Oui;Non;AG Ile-de-France;REGION DE PARIS-EST;UG Paris-Est;;1;1;Paris Est;75010;Paris;75-056;Paris;Île-de-France;2.358424;48.876742;0087113001;PES;a;3;;;;48.876742, 2.358424
